uid,total_counts
0,2233
1,1838
2,1728
3,1590
4,1518
5,1500
6,1338
7,1319
8,1291
9,1281
10,1274
11,1269
12,1259
13,1256
14,1241
15,1240
16,1226
17,1219
18,1219
19,1211
20,1211
21,1211
22,1171
23,1169
24,1158
25,1151
26,1144
27,1113
28,1074
29,1050
30,1047
31,1036
32,1019
33,1015
34,1014
35,1013
36,1011
37,1008
38,1005
39,1001
40,999
41,998
42,989
43,981
44,971
45,967
46,961
47,960
48,955
49,953
50,945
51,941
52,937
53,936
54,934
55,926
56,922
57,920
58,914
59,908
60,905
61,900
62,894
63,893
64,893
65,889
66,886
67,884
68,883
69,882
70,878
71,875
72,874
73,872
74,872
75,868
76,868
77,866
78,864
79,862
80,857
81,856
82,854
83,852
84,850
85,849
86,848
87,847
88,847
89,843
90,840
91,837
92,837
94,836
93,836
95,831
96,829
97,825
98,825
99,825
100,824
101,823
102,822
103,820
104,819
105,819
107,815
106,815
108,813
109,812
110,803
111,796
112,795
113,795
114,793
115,793
116,792
118,789
117,789
119,786
120,784
121,782
122,781
123,777
124,775
125,775
126,773
127,769
129,766
128,766
130,765
131,764
132,764
133,764
134,761
135,761
136,759
137,756
138,754
139,751
140,749
141,748
142,744
143,742
144,741
145,740
146,736
147,735
148,734
149,733
150,731
153,729
152,729
151,729
154,728
155,728
156,726
157,724
158,724
159,723
160,722
161,720
162,720
163,720
164,717
165,716
166,714
167,711
168,710
169,707
170,707
171,702
172,701
173,700
174,699
175,698
176,695
177,694
178,694
179,693
180,688
181,686
182,685
183,684
184,684
185,683
186,683
188,682
187,682
189,679
190,678
191,678
192,677
193,675
194,671
195,670
196,670
197,668
199,667
198,667
200,666
201,665
202,662
203,661
204,659
205,655
206,654
207,651
208,650
209,648
210,646
211,645
212,644
213,640
214,639
215,638
216,636
217,634
218,634
219,634
220,633
221,633
224,631
223,631
222,631
225,630
226,628
227,628
228,627
229,626
230,626
231,625
232,625
235,624
234,624
233,624
236,622
237,622
238,621
239,618
240,617
241,616
242,616
243,613
244,612
247,611
246,611
245,611
248,610
249,610
250,607
251,606
252,605
253,603
254,602
255,601
256,600
257,599
258,598
259,597
260,596
261,594
262,592
263,592
264,591
265,591
266,591
267,589
268,588
270,587
269,587
271,586
272,583
273,583
274,582
275,582
276,582
277,579
278,579
279,576
280,576
281,573
282,572
283,572
284,572
285,570
286,564
287,564
288,564
289,563
290,562
291,561
293,560
292,560
294,559
295,559
296,559
297,557
298,557
299,556
300,556
301,556
302,555
303,554
304,553
305,552
306,551
307,551
308,550
309,550
310,549
311,549
312,548
313,548
314,548
315,547
317,546
316,546
318,545
319,544
320,544
321,544
322,543
323,543
324,542
325,541
326,541
327,539
328,538
329,536
330,536
331,534
332,534
333,533
334,532
335,529
336,529
337,529
338,529
339,529
342,528
340,528
341,528
343,526
344,525
345,525
346,525
347,525
348,525
349,523
350,521
351,521
354,520
352,520
353,520
355,518
356,518
357,517
358,517
359,517
360,517
361,516
362,515
364,514
363,514
365,513
366,513
367,512
368,512
369,511
370,510
371,510
372,510
373,510
376,509
374,509
375,509
377,508
378,507
380,507
379,507
381,506
384,506
385,506
382,506
383,506
386,505
387,505
388,504
389,504
390,503
391,503
392,503
393,501
394,500
395,499
396,499
397,499
398,499
399,498
401,497
400,497
403,496
402,496
404,494
405,493
406,492
407,492
408,491
409,490
412,489
413,489
411,489
410,489
414,488
415,488
416,487
417,487
418,486
419,485
421,484
423,484
422,484
420,484
424,483
425,483
426,483
427,482
428,481
429,480
430,480
431,480
432,480
433,479
434,478
435,478
436,477
437,477
438,476
439,475
440,473
441,473
442,472
445,471
444,471
443,471
446,470
447,469
448,469
449,468
450,468
451,467
452,467
453,467
456,465
455,465
454,465
457,463
458,462
459,461
460,461
461,460
462,460
463,460
464,460
467,459
469,459
466,459
465,459
468,459
470,456
471,456
472,456
473,454
474,453
475,453
476,453
477,452
478,452
479,451
481,450
480,450
482,449
483,446
484,446
485,446
486,446
487,446
488,445
489,445
490,444
491,444
492,443
493,442
495,442
496,442
497,442
494,442
498,441
499,440
500,440
501,439
502,438
505,437
503,437
504,437
506,436
507,436
508,436
509,435
510,434
511,434
512,434
513,433
514,431
515,430
516,430
517,429
518,429
519,428
520,427
521,427
522,427
523,427
524,427
525,427
526,426
527,425
528,425
529,424
530,424
531,423
532,423
533,423
534,423
535,422
536,422
537,422
538,421
539,420
540,420
541,420
542,419
543,419
544,419
545,419
546,418
547,416
548,416
549,416
550,415
551,414
552,413
553,413
554,413
555,413
556,412
557,411
558,411
559,411
561,410
562,410
560,410
565,409
566,409
563,409
564,409
568,408
569,408
570,408
567,408
571,407
572,407
576,406
579,406
578,406
577,406
575,406
574,406
573,406
580,404
581,404
582,404
583,404
584,404
585,404
589,403
591,403
590,403
587,403
588,403
586,403
592,402
593,402
594,401
595,401
596,401
600,400
599,400
598,400
597,400
601,399
602,399
603,399
604,399
605,399
608,398
610,398
609,398
607,398
606,398
613,397
614,397
611,397
612,397
615,396
616,396
617,395
618,395
620,395
621,395
619,395
622,394
623,394
624,394
625,393
626,393
627,393
631,392
633,392
632,392
630,392
628,392
629,392
634,391
635,391
636,391
637,390
638,390
639,390
640,389
642,388
643,388
641,388
644,387
645,387
646,387
647,386
648,386
649,385
650,385
651,384
652,384
653,384
658,383
657,383
655,383
656,383
654,383
659,382
661,382
662,382
660,382
663,380
664,379
665,379
666,379
667,378
668,378
672,377
674,377
673,377
670,377
671,377
669,377
675,376
676,376
677,376
678,375
679,375
681,374
680,374
682,373
683,373
684,373
685,371
686,371
687,371
688,371
689,371
690,371
693,370
692,370
691,370
694,369
695,368
696,368
697,368
698,367
699,367
700,367
701,367
704,366
703,366
702,366
705,364
706,363
707,363
708,362
709,362
710,362
711,362
712,362
717,361
716,361
715,361
713,361
714,361
718,359
719,359
720,359
721,358
722,358
723,358
725,357
726,357
724,357
728,356
729,356
730,356
731,356
732,356
727,356
733,355
734,355
735,355
740,354
742,354
741,354
737,354
739,354
738,354
736,354
743,353
744,353
745,352
746,352
750,351
751,351
752,351
749,351
747,351
748,351
753,350
756,350
754,350
755,350
757,349
758,348
759,348
760,348
761,347
762,346
763,346
764,346
767,345
765,345
766,345
768,343
769,343
770,342
771,342
772,342
773,342
774,342
776,341
777,341
775,341
779,340
780,340
781,340
778,340
782,339
783,338
784,338
785,338
786,338
788,337
787,337
789,336
790,336
791,335
792,335
793,335
794,335
795,334
796,334
799,333
797,333
798,333
803,332
804,332
800,332
802,332
801,332
805,331
806,331
807,331
808,331
809,330
811,329
812,329
810,329
813,328
814,328
815,328
816,328
817,328
818,328
819,328
821,327
820,327
822,326
828,326
832,326
823,326
830,326
829,326
831,326
827,326
826,326
825,326
824,326
833,325
834,324
835,324
836,324
837,324
838,324
842,323
843,323
844,323
841,323
840,323
839,323
847,322
848,322
846,322
845,322
851,321
852,321
849,321
850,321
854,320
855,320
856,320
853,320
857,319
858,319
859,319
864,318
867,318
866,318
865,318
861,318
863,318
862,318
860,318
874,317
873,317
872,317
871,317
870,317
868,317
869,317
875,316
876,316
877,316
878,316
879,315
880,315
882,315
883,315
881,315
884,314
885,314
886,314
887,314
888,314
889,314
892,313
890,313
891,313
896,312
897,312
893,312
895,312
894,312
898,311
899,311
900,310
901,310
902,310
903,310
905,309
907,309
904,309
906,309
908,308
909,308
910,308
911,308
912,308
913,308
916,307
918,307
917,307
915,307
914,307
919,306
920,306
921,306
922,306
923,306
927,305
929,305
928,305
926,305
925,305
924,305
930,304
931,304
932,304
933,304
934,304
935,304
936,304
937,304
939,303
940,303
938,303
943,302
941,302
942,302
949,301
953,301
952,301
951,301
950,301
944,301
948,301
946,301
945,301
947,301
954,300
955,300
956,300
957,300
958,300
959,300
960,300
961,300
966,299
968,299
967,299
969,299
965,299
963,299
962,299
964,299
970,298
971,298
972,298
973,298
974,298
980,297
984,297
983,297
982,297
981,297
977,297
979,297
978,297
976,297
975,297
991,296
990,296
989,296
987,296
988,296
985,296
986,296
992,295
993,295
994,294
995,294
1006,293
1005,293
1004,293
1003,293
1002,293
1000,293
999,293
998,293
997,293
996,293
1001,293
1007,292
1008,292
1009,292
1011,291
1010,291
1012,290
1014,290
1013,290
1015,289
1016,289
1017,289
1018,289
1019,289
1020,289
1021,289
1023,288
1022,288
1024,287
1025,287
1026,287
1027,287
1028,287
1029,287
1030,287
1033,286
1035,286
1032,286
1031,286
1034,286
1036,285
1038,285
1039,285
1040,285
1037,285
1045,284
1048,284
1046,284
1047,284
1044,284
1043,284
1042,284
1041,284
1049,283
1050,283
1051,283
1052,283
1053,283
1058,282
1061,282
1060,282
1059,282
1057,282
1055,282
1056,282
1054,282
1062,281
1063,281
1069,280
1067,280
1068,280
1066,280
1065,280
1064,280
1070,279
1071,279
1072,279
1073,279
1074,279
1075,279
1076,279
1079,278
1081,278
1080,278
1078,278
1077,278
1082,277
1083,277
1084,277
1085,277
1086,276
1087,276
1088,276
1089,276
1090,276
1091,276
1093,275
1092,275
1094,273
1095,273
1096,273
1097,273
1098,272
1099,272
1100,272
1101,272
1102,272
1108,271
1111,271
1110,271
1109,271
1104,271
1107,271
1105,271
1103,271
1106,271
1112,270
1113,270
1114,270
1115,270
1116,270
1119,269
1120,269
1118,269
1117,269
1121,268
1122,268
1123,268
1124,268
1125,268
1126,267
1134,266
1132,266
1135,266
1133,266
1127,266
1131,266
1129,266
1128,266
1130,266
1136,265
1137,265
1138,265
1139,265
1142,264
1144,264
1143,264
1141,264
1140,264
1145,263
1146,263
1147,263
1148,263
1149,263
1150,263
1151,263
1152,263
1153,263
1155,262
1154,262
1157,261
1158,261
1159,261
1160,261
1161,261
1162,261
1156,261
1164,260
1166,260
1163,260
1165,260
1167,259
1168,259
1169,259
1170,259
1171,259
1172,259
1173,259
1174,258
1181,257
1178,257
1180,257
1179,257
1175,257
1176,257
1177,257
1186,256
1190,256
1188,256
1187,256
1189,256
1185,256
1184,256
1183,256
1182,256
1191,255
1192,255
1193,255
1194,255
1195,255
1199,254
1201,254
1200,254
1202,254
1198,254
1197,254
1196,254
1208,253
1211,253
1210,253
1209,253
1212,253
1207,253
1204,253
1206,253
1203,253
1205,253
1213,252
1214,252
1215,252
1216,252
1217,251
1218,251
1219,251
1220,251
1221,251
1222,250
1223,250
1229,249
1227,249
1228,249
1226,249
1224,249
1225,249
1230,248
1232,248
1233,248
1231,248
1237,247
1238,247
1240,247
1236,247
1235,247
1234,247
1239,247
1241,246
1242,246
1243,246
1244,246
1245,246
1246,246
1247,246
1251,245
1253,245
1252,245
1250,245
1249,245
1248,245
1254,244
1255,244
1256,244
1257,244
1258,243
1261,242
1263,242
1262,242
1260,242
1259,242
1264,241
1265,241
1266,241
1267,241
1268,241
1269,241
1277,240
1276,240
1275,240
1274,240
1273,240
1270,240
1272,240
1271,240
1278,239
1279,239
1280,239
1281,239
1282,239
1283,239
1284,239
1287,238
1286,238
1285,238
1288,237
1289,237
1290,237
1291,237
1292,236
1299,235
1298,235
1297,235
1296,235
1295,235
1293,235
1294,235
1300,234
1301,234
1302,234
1303,234
1304,234
1305,234
1311,233
1314,233
1313,233
1312,233
1306,233
1310,233
1309,233
1308,233
1307,233
1323,232
1321,232
1324,232
1325,232
1322,232
1318,232
1320,232
1317,232
1316,232
1315,232
1319,232
1330,231
1334,231
1333,231
1332,231
1331,231
1329,231
1328,231
1327,231
1326,231
1335,230
1336,230
1342,229
1346,229
1345,229
1344,229
1343,229
1341,229
1339,229
1338,229
1340,229
1337,229
1352,228
1347,228
1348,228
1349,228
1350,228
1351,228
1353,228
1354,228
1355,228
1356,228
1366,227
1365,227
1362,227
1367,227
1363,227
1364,227
1361,227
1360,227
1359,227
1358,227
1357,227
1368,226
1369,226
1370,226
1373,225
1374,225
1371,225
1372,225
1380,224
1384,224
1383,224
1382,224
1381,224
1385,224
1379,224
1377,224
1376,224
1375,224
1378,224
1386,223
1387,223
1388,223
1389,223
1390,223
1391,223
1392,223
1393,223
1395,222
1394,222
1396,221
1397,221
1398,221
1399,221
1400,221
1401,221
1402,221
1408,220
1412,220
1411,220
1410,220
1409,220
1413,220
1407,220
1405,220
1404,220
1403,220
1406,220
1419,219
1424,219
1423,219
1422,219
1420,219
1421,219
1418,219
1417,219
1416,219
1415,219
1414,219
1425,218
1426,218
1427,218
1428,218
1429,218
1430,218
1435,217
1437,217
1436,217
1431,217
1434,217
1432,217
1433,217
1438,216
1439,216
1443,215
1445,215
1444,215
1442,215
1441,215
1440,215
1446,214
1447,214
1448,214
1449,214
1450,214
1454,213
1456,213
1455,213
1457,213
1453,213
1451,213
1452,213
1465,212
1472,212
1471,212
1470,212
1469,212
1468,212
1467,212
1466,212
1464,212
1463,212
1462,212
1461,212
1460,212
1459,212
1458,212
1478,211
1483,211
1482,211
1481,211
1479,211
1480,211
1477,211
1475,211
1474,211
1473,211
1476,211
1489,210
1493,210
1491,210
1490,210
1492,210
1488,210
1487,210
1486,210
1485,210
1484,210
1494,209
1495,209
1496,209
1497,209
1498,209
1499,209
1500,209
1501,209
1502,209
1506,208
1507,208
1505,208
1504,208
1503,208
1508,207
1509,207
1510,207
1511,207
1512,207
1513,207
1520,206
1525,206
1524,206
1523,206
1522,206
1521,206
1518,206
1519,206
1517,206
1516,206
1515,206
1514,206
1530,205
1533,205
1532,205
1531,205
1529,205
1527,205
1526,205
1528,205
1542,204
1541,204
1547,204
1546,204
1545,204
1544,204
1543,204
1540,204
1539,204
1538,204
1537,204
1536,204
1535,204
1534,204
1557,203
1556,203
1554,203
1558,203
1555,203
1551,203
1553,203
1550,203
1549,203
1552,203
1548,203
1559,202
1560,202
1561,202
1562,202
1564,202
1565,202
1566,202
1567,202
1568,202
1569,202
1570,202
1563,202
1574,201
1576,201
1575,201
1573,201
1571,201
1572,201
1581,200
1584,200
1583,200
1582,200
1585,200
1580,200
1579,200
1578,200
1577,200
1586,199
1587,199
1588,199
1589,199
1590,199
1591,199
1592,199
1593,199
1598,198
1601,198
1600,198
1599,198
1597,198
1596,198
1595,198
1594,198
1608,197
1613,197
1612,197
1611,197
1610,197
1609,197
1607,197
1606,197
1605,197
1604,197
1603,197
1602,197
1618,196
1621,196
1619,196
1620,196
1617,196
1614,196
1615,196
1616,196
1628,195
1633,195
1632,195
1631,195
1629,195
1630,195
1627,195
1626,195
1625,195
1624,195
1623,195
1622,195
1634,194
1635,194
1636,194
1637,194
1638,194
1639,194
1640,194
1643,193
1644,193
1645,193
1642,193
1641,193
1646,192
1647,192
1648,192
1649,192
1650,192
1651,192
1652,192
1658,191
1662,191
1661,191
1660,191
1659,191
1655,191
1657,191
1656,191
1654,191
1653,191
1666,190
1669,190
1667,190
1668,190
1665,190
1664,190
1663,190
1670,189
1671,189
1672,189
1673,189
1674,189
1675,189
1676,189
1677,189
1682,188
1685,188
1684,188
1683,188
1679,188
1681,188
1680,188
1678,188
1692,187
1697,187
1696,187
1695,187
1694,187
1693,187
1691,187
1686,187
1689,187
1688,187
1687,187
1690,187
1701,186
1704,186
1702,186
1703,186
1700,186
1699,186
1698,186
1705,185
1706,185
1707,185
1708,185
1709,185
1710,185
1715,184
1717,184
1716,184
1713,184
1714,184
1712,184
1711,184
1718,183
1719,183
1720,183
1721,183
1722,183
1727,182
1730,182
1729,182
1728,182
1724,182
1726,182
1725,182
1723,182
1735,181
1738,181
1737,181
1736,181
1734,181
1733,181
1732,181
1731,181
1739,180
1740,180
1741,180
1742,180
1748,179
1752,179
1751,179
1750,179
1749,179
1746,179
1747,179
1745,179
1744,179
1743,179
1758,178
1762,178
1761,178
1760,178
1759,178
1757,178
1753,178
1755,178
1754,178
1756,178
1767,177
1771,177
1770,177
1769,177
1766,177
1765,177
1764,177
1763,177
1768,177
1772,176
1773,176
1774,176
1775,176
1782,175
1780,175
1783,175
1781,175
1785,175
1779,175
1776,175
1778,175
1784,175
1777,175
1795,174
1786,174
1802,174
1801,174
1800,174
1799,174
1798,174
1797,174
1796,174
1794,174
1793,174
1792,174
1791,174
1790,174
1789,174
1788,174
1787,174
1808,173
1813,173
1812,173
1811,173
1810,173
1809,173
1807,173
1806,173
1805,173
1804,173
1803,173
1821,172
1826,172
1825,172
1824,172
1823,172
1822,172
1819,172
1820,172
1818,172
1817,172
1816,172
1815,172
1814,172
1837,171
1836,171
1830,171
1838,171
1834,171
1835,171
1828,171
1833,171
1831,171
1829,171
1827,171
1832,171
1847,170
1853,170
1852,170
1851,170
1850,170
1849,170
1848,170
1854,170
1846,170
1844,170
1843,170
1842,170
1841,170
1840,170
1839,170
1845,170
1858,169
1860,169
1859,169
1857,169
1856,169
1855,169
1868,168
1873,168
1872,168
1871,168
1870,168
1869,168
1861,168
1867,168
1866,168
1865,168
1864,168
1863,168
1862,168
1880,167
1878,167
1879,167
1881,167
1877,167
1875,167
1874,167
1876,167
1886,166
1889,166
1888,166
1887,166
1883,166
1885,166
1884,166
1882,166
1896,165
1900,165
1899,165
1898,165
1897,165
1895,165
1894,165
1893,165
1892,165
1891,165
1890,165
1904,164
1906,164
1905,164
1901,164
1903,164
1902,164
1916,163
1923,163
1922,163
1921,163
1920,163
1919,163
1918,163
1917,163
1908,163
1915,163
1914,163
1913,163
1912,163
1911,163
1910,163
1909,163
1907,163
1929,162
1934,162
1932,162
1931,162
1930,162
1933,162
1928,162
1926,162
1924,162
1925,162
1927,162
1941,161
1945,161
1944,161
1943,161
1942,161
1946,161
1940,161
1938,161
1937,161
1936,161
1935,161
1939,161
1951,160
1954,160
1953,160
1952,160
1950,160
1949,160
1948,160
1947,160
1963,159
1970,159
1969,159
1968,159
1967,159
1966,159
1965,159
1964,159
1955,159
1962,159
1961,159
1960,159
1959,159
1958,159
1957,159
1956,159
1980,158
1988,158
1987,158
1986,158
1985,158
1984,158
1983,158
1982,158
1981,158
1975,158
1979,158
1974,158
1972,158
1973,158
1978,158
1971,158
1977,158
1976,158
1995,157
2001,157
2000,157
1999,157
1998,157
1996,157
1997,157
1994,157
1993,157
1992,157
1991,157
1990,157
1989,157
2010,156
2016,156
2015,156
2014,156
2013,156
2012,156
2011,156
2004,156
2009,156
2008,156
2007,156
2006,156
2005,156
2003,156
2002,156
2024,155
2029,155
2028,155
2027,155
2026,155
2025,155
2022,155
2023,155
2020,155
2019,155
2018,155
2017,155
2021,155
2038,154
2045,154
2043,154
2042,154
2041,154
2040,154
2039,154
2044,154
2037,154
2035,154
2034,154
2033,154
2032,154
2031,154
2030,154
2036,154
2052,153
2057,153
2056,153
2055,153
2054,153
2053,153
2051,153
2050,153
2049,153
2048,153
2047,153
2046,153
2071,152
2070,152
2069,152
2068,152
2065,152
2066,152
2067,152
2064,152
2062,152
2061,152
2060,152
2059,152
2058,152
2063,152
2077,151
2081,151
2080,151
2079,151
2078,151
2072,151
2076,151
2074,151
2073,151
2075,151
2088,150
2094,150
2093,150
2092,150
2091,150
2089,150
2090,150
2087,150
2086,150
2085,150
2084,150
2083,150
2082,150
2102,149
2108,149
2107,149
2106,149
2105,149
2104,149
2103,149
2099,149
2101,149
2098,149
2097,149
2096,149
2095,149
2100,149
2126,148
2122,148
2123,148
2124,148
2125,148
2129,148
2127,148
2128,148
2130,148
2120,148
2121,148
2119,148
2117,148
2116,148
2115,148
2114,148
2113,148
2112,148
2111,148
2110,148
2109,148
2118,148
2140,147
2137,147
2142,147
2141,147
2138,147
2139,147
2136,147
2131,147
2134,147
2133,147
2132,147
2135,147
2149,146
2154,146
2153,146
2152,146
2151,146
2150,146
2147,146
2148,146
2146,146
2145,146
2144,146
2143,146
2164,145
2163,145
2160,145
2165,145
2162,145
2161,145
2158,145
2157,145
2156,145
2159,145
2155,145
2167,144
2172,144
2177,144
2176,144
2175,144
2173,144
2174,144
2171,144
2170,144
2169,144
2168,144
2166,144
2187,143
2195,143
2194,143
2193,143
2192,143
2191,143
2190,143
2189,143
2188,143
2184,143
2186,143
2183,143
2182,143
2181,143
2180,143
2179,143
2178,143
2185,143
2201,142
2204,142
2203,142
2202,142
2198,142
2200,142
2199,142
2197,142
2196,142
2212,141
2211,141
2210,141
2209,141
2208,141
2206,141
2205,141
2207,141
2219,140
2225,140
2224,140
2223,140
2222,140
2221,140
2220,140
2218,140
2217,140
2216,140
2215,140
2214,140
2213,140
2239,139
2238,139
2237,139
2236,139
2235,139
2234,139
2233,139
2232,139
2230,139
2229,139
2228,139
2227,139
2226,139
2231,139
2248,138
2254,138
2253,138
2252,138
2251,138
2250,138
2249,138
2245,138
2247,138
2246,138
2244,138
2243,138
2242,138
2241,138
2240,138
2265,137
2264,137
2258,137
2266,137
2262,137
2263,137
2256,137
2261,137
2259,137
2257,137
2255,137
2260,137
2274,136
2278,136
2277,136
2276,136
2275,136
2273,136
2272,136
2271,136
2270,136
2269,136
2268,136
2267,136
2286,135
2291,135
2290,135
2289,135
2288,135
2287,135
2285,135
2283,135
2282,135
2281,135
2280,135
2279,135
2284,135
2297,134
2299,134
2303,134
2302,134
2301,134
2300,134
2296,134
2298,134
2295,134
2294,134
2293,134
2292,134
2312,133
2311,133
2309,133
2313,133
2310,133
2314,133
2308,133
2306,133
2305,133
2304,133
2307,133
2325,132
2335,132
2334,132
2333,132
2332,132
2331,132
2330,132
2329,132
2328,132
2327,132
2326,132
2324,132
2323,132
2322,132
2321,132
2320,132
2319,132
2318,132
2317,132
2316,132
2315,132
2342,131
2347,131
2346,131
2345,131
2344,131
2343,131
2338,131
2341,131
2339,131
2337,131
2336,131
2340,131
2354,130
2359,130
2358,130
2357,130
2356,130
2355,130
2353,130
2352,130
2351,130
2350,130
2349,130
2348,130
2367,129
2373,129
2372,129
2371,129
2370,129
2369,129
2368,129
2360,129
2366,129
2362,129
2361,129
2365,129
2363,129
2364,129
2380,128
2386,128
2385,128
2384,128
2382,128
2381,128
2383,128
2379,128
2378,128
2377,128
2376,128
2375,128
2374,128
2394,127
2400,127
2399,127
2398,127
2397,127
2396,127
2395,127
2392,127
2393,127
2388,127
2391,127
2387,127
2390,127
2389,127
2423,126
2422,126
2412,126
2420,126
2419,126
2418,126
2417,126
2416,126
2415,126
2414,126
2421,126
2413,126
2411,126
2409,126
2408,126
2407,126
2406,126
2405,126
2404,126
2403,126
2402,126
2401,126
2410,126
2443,125
2439,125
2440,125
2441,125
2442,125
2448,125
2444,125
2445,125
2446,125
2447,125
2437,125
2449,125
2438,125
2435,125
2436,125
2428,125
2424,125
2434,125
2426,125
2427,125
2425,125
2429,125
2430,125
2431,125
2432,125
2433,125
2459,124
2466,124
2465,124
2464,124
2463,124
2462,124
2461,124
2460,124
2452,124
2458,124
2453,124
2451,124
2450,124
2457,124
2454,124
2455,124
2456,124
2476,123
2485,123
2484,123
2483,123
2482,123
2481,123
2480,123
2479,123
2478,123
2477,123
2467,123
2474,123
2473,123
2472,123
2471,123
2470,123
2469,123
2468,123
2475,123
2500,122
2497,122
2498,122
2499,122
2495,122
2501,122
2502,122
2503,122
2496,122
2504,122
2494,122
2492,122
2491,122
2490,122
2489,122
2488,122
2487,122
2486,122
2493,122
2512,121
2519,121
2518,121
2517,121
2516,121
2515,121
2514,121
2513,121
2510,121
2509,121
2508,121
2507,121
2506,121
2511,121
2505,121
2530,120
2535,120
2532,120
2533,120
2534,120
2538,120
2536,120
2537,120
2539,120
2531,120
2522,120
2529,120
2527,120
2526,120
2525,120
2524,120
2523,120
2521,120
2520,120
2528,120
2554,119
2549,119
2552,119
2553,119
2558,119
2555,119
2556,119
2557,119
2550,119
2551,119
2548,119
2543,119
2547,119
2541,119
2542,119
2540,119
2544,119
2545,119
2546,119
2568,118
2575,118
2574,118
2573,118
2572,118
2571,118
2570,118
2569,118
2567,118
2559,118
2565,118
2564,118
2563,118
2562,118
2561,118
2560,118
2566,118
2590,117
2587,117
2588,117
2589,117
2585,117
2591,117
2592,117
2593,117
2586,117
2577,117
2584,117
2582,117
2581,117
2580,117
2579,117
2578,117
2583,117
2576,117
2610,116
2607,116
2608,116
2609,116
2613,116
2611,116
2612,116
2614,116
2605,116
2606,116
2596,116
2604,116
2598,116
2603,116
2595,116
2597,116
2594,116
2599,116
2600,116
2601,116
2602,116
2633,115
2632,115
2631,115
2630,115
2629,115
2628,115
2627,115
2626,115
2625,115
2624,115
2623,115
2621,115
2620,115
2619,115
2618,115
2617,115
2616,115
2615,115
2622,115
2648,114
2645,114
2646,114
2647,114
2643,114
2649,114
2650,114
2651,114
2644,114
2634,114
2642,114
2640,114
2639,114
2638,114
2637,114
2636,114
2635,114
2641,114
2658,113
2663,113
2662,113
2661,113
2660,113
2659,113
2664,113
2657,113
2655,113
2654,113
2653,113
2652,113
2656,113
2671,112
2677,112
2676,112
2675,112
2674,112
2673,112
2672,112
2670,112
2669,112
2668,112
2667,112
2666,112
2665,112
2685,111
2692,111
2691,111
2690,111
2688,111
2687,111
2686,111
2689,111
2684,111
2682,111
2678,111
2681,111
2680,111
2679,111
2683,111
2702,110
2708,110
2707,110
2706,110
2705,110
2704,110
2703,110
2701,110
2700,110
2699,110
2698,110
2697,110
2696,110
2695,110
2694,110
2693,110
2717,109
2723,109
2722,109
2721,109
2720,109
2719,109
2718,109
2710,109
2716,109
2714,109
2713,109
2712,109
2711,109
2709,109
2715,109
2739,108
2736,108
2737,108
2738,108
2743,108
2740,108
2741,108
2742,108
2734,108
2735,108
2729,108
2733,108
2728,108
2732,108
2726,108
2727,108
2725,108
2724,108
2730,108
2731,108
2752,107
2759,107
2758,107
2757,107
2756,107
2755,107
2754,107
2753,107
2751,107
2750,107
2749,107
2748,107
2747,107
2746,107
2745,107
2744,107
2769,106
2777,106
2776,106
2774,106
2773,106
2772,106
2771,106
2770,106
2775,106
2768,106
2766,106
2765,106
2764,106
2763,106
2762,106
2761,106
2760,106
2767,106
2797,105
2793,105
2794,105
2795,105
2796,105
2801,105
2798,105
2799,105
2800,105
2790,105
2802,105
2791,105
2792,105
2789,105
2782,105
2788,105
2778,105
2779,105
2780,105
2781,105
2783,105
2784,105
2785,105
2786,105
2787,105
2821,104
2817,104
2818,104
2819,104
2820,104
2827,104
2822,104
2823,104
2824,104
2815,104
2826,104
2816,104
2825,104
2814,104
2807,104
2803,104
2804,104
2805,104
2806,104
2813,104
2808,104
2810,104
2811,104
2812,104
2809,104
2849,103
2844,103
2845,103
2846,103
2847,103
2848,103
2851,103
2850,103
2852,103
2853,103
2854,103
2841,103
2843,103
2842,103
2828,103
2834,103
2840,103
2829,103
2830,103
2831,103
2833,103
2832,103
2835,103
2836,103
2837,103
2838,103
2839,103
2877,102
2872,102
2873,102
2874,102
2875,102
2876,102
2869,102
2878,102
2879,102
2880,102
2881,102
2882,102
2883,102
2871,102
2870,102
2857,102
2861,102
2855,102
2856,102
2858,102
2859,102
2860,102
2868,102
2862,102
2864,102
2865,102
2866,102
2867,102
2863,102
2902,101
2898,101
2899,101
2900,101
2901,101
2905,101
2903,101
2904,101
2906,101
2896,101
2897,101
2892,101
2895,101
2888,101
2884,101
2885,101
2894,101
2887,101
2886,101
2889,101
2890,101
2891,101
2893,101
2933,100
2926,100
2927,100
2928,100
2929,100
2930,100
2931,100
2932,100
2924,100
2934,100
2935,100
2936,100
2937,100
2938,100
2939,100
2940,100
2925,100
2911,100
2923,100
2914,100
2922,100
2907,100
2908,100
2909,100
2912,100
2913,100
2910,100
2915,100
2916,100
2917,100
2918,100
2919,100
2920,100
2921,100
2951,99
2959,99
2958,99
2957,99
2956,99
2955,99
2954,99
2953,99
2952,99
2947,99
2950,99
2948,99
2946,99
2945,99
2944,99
2943,99
2942,99
2949,99
2941,99
2973,98
2971,98
2972,98
2977,98
2974,98
2975,98
2976,98
2969,98
2970,98
2965,98
2968,98
2966,98
2964,98
2963,98
2962,98
2961,98
2960,98
2967,98
2996,97
2992,97
2993,97
2994,97
2995,97
2999,97
2997,97
2998,97
2990,97
3000,97
3001,97
2991,97
2988,97
2989,97
2987,97
2986,97
2985,97
2984,97
2983,97
2982,97
2981,97
2980,97
2979,97
2978,97
3016,96
3013,96
3014,96
3015,96
3011,96
3017,96
3018,96
3019,96
3012,96
3020,96
3010,96
3008,96
3007,96
3006,96
3005,96
3004,96
3003,96
3002,96
3009,96
3029,95
3034,95
3033,95
3032,95
3031,95
3030,95
3028,95
3027,95
3026,95
3025,95
3024,95
3023,95
3022,95
3021,95
3045,94
3053,94
3052,94
3051,94
3050,94
3049,94
3048,94
3047,94
3046,94
3036,94
3044,94
3043,94
3042,94
3041,94
3040,94
3039,94
3038,94
3037,94
3035,94
3061,93
3067,93
3066,93
3065,93
3064,93
3063,93
3062,93
3057,93
3060,93
3058,93
3054,93
3056,93
3055,93
3059,93
3086,92
3083,92
3084,92
3085,92
3089,92
3087,92
3088,92
3080,92
3090,92
3091,92
3081,92
3082,92
3079,92
3072,92
3078,92
3069,92
3070,92
3071,92
3068,92
3073,92
3074,92
3075,92
3076,92
3077,92
3103,91
3113,91
3112,91
3111,91
3110,91
3108,91
3107,91
3106,91
3105,91
3104,91
3109,91
3102,91
3092,91
3101,91
3093,91
3095,91
3096,91
3094,91
3097,91
3098,91
3099,91
3100,91
3123,90
3130,90
3129,90
3128,90
3127,90
3126,90
3125,90
3124,90
3122,90
3120,90
3119,90
3118,90
3117,90
3116,90
3115,90
3114,90
3121,90
3143,89
3148,89
3145,89
3146,89
3147,89
3153,89
3149,89
3150,89
3151,89
3152,89
3144,89
3133,89
3142,89
3136,89
3131,89
3141,89
3134,89
3135,89
3132,89
3137,89
3138,89
3139,89
3140,89
3165,88
3174,88
3173,88
3172,88
3171,88
3170,88
3169,88
3168,88
3167,88
3166,88
3154,88
3164,88
3159,88
3156,88
3157,88
3158,88
3155,88
3160,88
3161,88
3162,88
3163,88
3184,87
3192,87
3191,87
3190,87
3189,87
3188,87
3187,87
3186,87
3185,87
3183,87
3181,87
3180,87
3179,87
3178,87
3177,87
3176,87
3175,87
3182,87
3213,86
3208,86
3209,86
3210,86
3211,86
3212,86
3217,86
3214,86
3215,86
3216,86
3218,86
3206,86
3207,86
3200,86
3205,86
3198,86
3194,86
3195,86
3196,86
3197,86
3204,86
3199,86
3201,86
3202,86
3203,86
3193,86
3237,85
3233,85
3234,85
3235,85
3236,85
3240,85
3238,85
3239,85
3241,85
3242,85
3231,85
3232,85
3230,85
3219,85
3228,85
3227,85
3226,85
3225,85
3224,85
3223,85
3222,85
3221,85
3220,85
3229,85
3261,84
3257,84
3258,84
3259,84
3260,84
3255,84
3262,84
3263,84
3264,84
3265,84
3256,84
3249,84
3254,84
3248,84
3244,84
3246,84
3247,84
3245,84
3243,84
3250,84
3251,84
3252,84
3253,84
3275,83
3282,83
3281,83
3280,83
3279,83
3278,83
3277,83
3276,83
3273,83
3274,83
3272,83
3271,83
3270,83
3269,83
3268,83
3267,83
3266,83
3299,82
3298,82
3291,82
3296,82
3295,82
3294,82
3293,82
3292,82
3297,82
3290,82
3288,82
3287,82
3286,82
3285,82
3284,82
3283,82
3289,82
3325,81
3319,81
3320,81
3321,81
3322,81
3323,81
3324,81
3329,81
3326,81
3327,81
3328,81
3316,81
3330,81
3331,81
3332,81
3317,81
3318,81
3315,81
3307,81
3300,81
3301,81
3302,81
3304,81
3305,81
3306,81
3303,81
3308,81
3310,81
3311,81
3312,81
3313,81
3314,81
3309,81
3349,80
3346,80
3347,80
3348,80
3352,80
3350,80
3351,80
3353,80
3354,80
3344,80
3345,80
3340,80
3343,80
3337,80
3334,80
3335,80
3336,80
3333,80
3338,80
3339,80
3341,80
3342,80
3365,79
3374,79
3373,79
3372,79
3371,79
3370,79
3369,79
3368,79
3367,79
3366,79
3364,79
3362,79
3361,79
3360,79
3359,79
3358,79
3357,79
3356,79
3355,79
3363,79
3396,78
3391,78
3392,78
3393,78
3394,78
3395,78
3402,78
3397,78
3398,78
3399,78
3401,78
3389,78
3390,78
3400,78
3388,78
3380,78
3387,78
3376,78
3377,78
3375,78
3379,78
3378,78
3381,78
3382,78
3383,78
3384,78
3385,78
3386,78
3427,77
3421,77
3422,77
3423,77
3424,77
3425,77
3426,77
3434,77
3428,77
3429,77
3430,77
3431,77
3432,77
3433,77
3419,77
3420,77
3418,77
3404,77
3410,77
3403,77
3417,77
3405,77
3406,77
3407,77
3409,77
3408,77
3411,77
3412,77
3413,77
3414,77
3415,77
3416,77
3456,76
3451,76
3452,76
3453,76
3454,76
3455,76
3449,76
3457,76
3458,76
3459,76
3460,76
3461,76
3450,76
3442,76
3448,76
3441,76
3436,76
3447,76
3438,76
3439,76
3440,76
3437,76
3435,76
3443,76
3444,76
3445,76
3446,76
3481,75
3480,75
3479,75
3478,75
3477,75
3476,75
3475,75
3474,75
3473,75
3472,75
3471,75
3469,75
3468,75
3467,75
3466,75
3465,75
3464,75
3463,75
3462,75
3470,75
3503,74
3498,74
3499,74
3500,74
3501,74
3502,74
3508,74
3504,74
3505,74
3506,74
3507,74
3509,74
3496,74
3497,74
3484,74
3495,74
3488,74
3494,74
3482,74
3485,74
3486,74
3487,74
3483,74
3489,74
3490,74
3491,74
3492,74
3493,74
3522,73
3533,73
3532,73
3531,73
3530,73
3529,73
3528,73
3527,73
3526,73
3525,73
3524,73
3523,73
3521,73
3515,73
3510,73
3511,73
3512,73
3514,73
3513,73
3516,73
3517,73
3518,73
3519,73
3520,73
3557,72
3551,72
3552,72
3553,72
3554,72
3555,72
3556,72
3562,72
3558,72
3559,72
3560,72
3561,72
3549,72
3563,72
3550,72
3538,72
3548,72
3540,72
3547,72
3534,72
3535,72
3536,72
3539,72
3537,72
3541,72
3542,72
3543,72
3544,72
3545,72
3546,72
3587,71
3581,71
3582,71
3583,71
3584,71
3585,71
3586,71
3594,71
3588,71
3579,71
3590,71
3591,71
3592,71
3593,71
3580,71
3589,71
3578,71
3570,71
3577,71
3564,71
3565,71
3566,71
3568,71
3569,71
3567,71
3571,71
3572,71
3573,71
3574,71
3575,71
3576,71
3622,70
3615,70
3616,70
3617,70
3618,70
3619,70
3620,70
3621,70
3629,70
3623,70
3624,70
3625,70
3626,70
3627,70
3628,70
3613,70
3614,70
3610,70
3612,70
3602,70
3595,70
3596,70
3597,70
3598,70
3611,70
3600,70
3601,70
3599,70
3603,70
3605,70
3606,70
3607,70
3608,70
3609,70
3604,70
3646,69
3643,69
3644,69
3645,69
3650,69
3647,69
3648,69
3649,69
3641,69
3642,69
3638,69
3640,69
3630,69
3637,69
3636,69
3635,69
3634,69
3633,69
3632,69
3631,69
3639,69
3671,68
3666,68
3667,68
3669,68
3670,68
3676,68
3672,68
3673,68
3674,68
3675,68
3664,68
3677,68
3665,68
3668,68
3663,68
3656,68
3662,68
3651,68
3652,68
3654,68
3655,68
3653,68
3657,68
3658,68
3659,68
3660,68
3661,68
3705,67
3698,67
3699,67
3700,67
3701,67
3702,67
3703,67
3704,67
3711,67
3706,67
3707,67
3696,67
3708,67
3709,67
3710,67
3712,67
3713,67
3697,67
3684,67
3695,67
3686,67
3694,67
3678,67
3680,67
3681,67
3682,67
3683,67
3685,67
3679,67
3687,67
3689,67
3690,67
3691,67
3692,67
3693,67
3688,67
3734,66
3729,66
3730,66
3731,66
3732,66
3733,66
3737,66
3735,66
3736,66
3738,66
3739,66
3727,66
3728,66
3725,66
3726,66
3719,66
3714,66
3715,66
3716,66
3718,66
3717,66
3720,66
3721,66
3722,66
3723,66
3724,66
3761,65
3756,65
3757,65
3758,65
3759,65
3760,65
3766,65
3762,65
3763,65
3764,65
3765,65
3754,65
3767,65
3755,65
3743,65
3753,65
3746,65
3752,65
3740,65
3742,65
3744,65
3745,65
3741,65
3747,65
3748,65
3749,65
3750,65
3751,65
3801,64
3792,64
3793,64
3794,64
3795,64
3796,64
3797,64
3798,64
3799,64
3800,64
3807,64
3802,64
3803,64
3804,64
3805,64
3806,64
3808,64
3809,64
3810,64
3790,64
3791,64
3773,64
3789,64
3778,64
3788,64
3769,64
3770,64
3771,64
3772,64
3768,64
3775,64
3776,64
3777,64
3774,64
3779,64
3784,64
3780,64
3786,64
3785,64
3787,64
3783,64
3782,64
3781,64
3823,63
3832,63
3831,63
3830,63
3829,63
3828,63
3827,63
3826,63
3825,63
3824,63
3822,63
3811,63
3821,63
3820,63
3819,63
3818,63
3817,63
3816,63
3815,63
3814,63
3813,63
3812,63
3864,62
3863,62
3862,62
3861,62
3855,62
3860,62
3859,62
3858,62
3857,62
3866,62
3865,62
3872,62
3867,62
3868,62
3869,62
3870,62
3871,62
3873,62
3874,62
3875,62
3876,62
3856,62
3841,62
3854,62
3843,62
3833,62
3834,62
3835,62
3853,62
3837,62
3838,62
3839,62
3840,62
3842,62
3836,62
3844,62
3845,62
3846,62
3847,62
3848,62
3849,62
3850,62
3851,62
3852,62
3902,61
3896,61
3897,61
3898,61
3899,61
3900,61
3901,61
3907,61
3903,61
3904,61
3905,61
3906,61
3894,61
3908,61
3909,61
3895,61
3883,61
3893,61
3884,61
3892,61
3878,61
3880,61
3881,61
3882,61
3877,61
3879,61
3885,61
3887,61
3888,61
3889,61
3890,61
3891,61
3886,61
3930,60
3925,60
3926,60
3927,60
3928,60
3929,60
3933,60
3931,60
3932,60
3934,60
3936,60
3923,60
3924,60
3935,60
3922,60
3915,60
3921,60
3910,60
3911,60
3912,60
3914,60
3913,60
3916,60
3917,60
3918,60
3919,60
3920,60
3957,59
3952,59
3953,59
3954,59
3955,59
3956,59
3963,59
3958,59
3959,59
3960,59
3961,59
3962,59
3951,59
3950,59
3949,59
3942,59
3948,59
3937,59
3938,59
3939,59
3941,59
3940,59
3943,59
3944,59
3945,59
3946,59
3947,59
3985,58
3980,58
3981,58
3982,58
3983,58
3984,58
3978,58
3987,58
3988,58
3989,58
3990,58
3991,58
3979,58
3986,58
3977,58
3964,58
3976,58
3965,58
3966,58
3968,58
3969,58
3967,58
3970,58
3971,58
3972,58
3973,58
3974,58
3975,58
4022,57
4014,57
4015,57
4016,57
4017,57
4018,57
4019,57
4020,57
4021,57
4029,57
4023,57
4024,57
4025,57
4026,57
4027,57
4012,57
4030,57
4031,57
4013,57
4028,57
4011,57
4000,57
4010,57
3992,57
3993,57
3995,57
3996,57
3997,57
3998,57
3999,57
3994,57
4001,57
4003,57
4004,57
4005,57
4006,57
4009,57
4007,57
4008,57
4002,57
4054,56
4049,56
4050,56
4051,56
4052,56
4053,56
4058,56
4055,56
4056,56
4057,56
4059,56
4060,56
4061,56
4047,56
4048,56
4045,56
4046,56
4037,56
4044,56
4032,56
4033,56
4035,56
4036,56
4034,56
4038,56
4039,56
4040,56
4041,56
4042,56
4043,56
4089,55
4082,55
4083,55
4084,55
4085,55
4086,55
4087,55
4088,55
4096,55
4090,55
4091,55
4092,55
4093,55
4094,55
4095,55
4097,55
4081,55
4080,55
4079,55
4069,55
4078,55
4062,55
4064,55
4065,55
4066,55
4067,55
4068,55
4063,55
4070,55
4072,55
4073,55
4074,55
4075,55
4076,55
4077,55
4071,55
4122,54
4116,54
4117,54
4118,54
4119,54
4120,54
4121,54
4126,54
4123,54
4124,54
4125,54
4127,54
4128,54
4114,54
4115,54
4112,54
4113,54
4105,54
4098,54
4099,54
4100,54
4101,54
4103,54
4104,54
4102,54
4106,54
4107,54
4108,54
4109,54
4110,54
4111,54
4153,53
4147,53
4148,53
4149,53
4150,53
4151,53
4152,53
4160,53
4154,53
4155,53
4156,53
4157,53
4158,53
4159,53
4145,53
4146,53
4131,53
4144,53
4136,53
4143,53
4129,53
4130,53
4133,53
4134,53
4135,53
4132,53
4137,53
4138,53
4139,53
4140,53
4141,53
4142,53
4193,52
4184,52
4185,52
4186,52
4187,52
4188,52
4189,52
4190,52
4191,52
4192,52
4200,52
4194,52
4195,52
4196,52
4197,52
4198,52
4199,52
4201,52
4182,52
4202,52
4183,52
4162,52
4181,52
4170,52
4161,52
4163,52
4164,52
4165,52
4166,52
4167,52
4168,52
4169,52
4180,52
4171,52
4173,52
4174,52
4175,52
4176,52
4177,52
4178,52
4179,52
4172,52
4230,51
4232,51
4231,51
4226,51
4229,51
4228,51
4227,51
4234,51
4233,51
4239,51
4235,51
4236,51
4237,51
4238,51
4240,51
4241,51
4242,51
4243,51
4223,51
4224,51
4225,51
4222,51
4212,51
4203,51
4204,51
4205,51
4206,51
4207,51
4209,51
4210,51
4211,51
4208,51
4213,51
4215,51
4216,51
4217,51
4218,51
4219,51
4220,51
4221,51
4214,51
4275,50
4279,50
4278,50
4277,50
4276,50
4271,50
4274,50
4273,50
4272,50
4281,50
4280,50
4291,50
4282,50
4283,50
4284,50
4285,50
4286,50
4287,50
4288,50
4289,50
4290,50
4269,50
4292,50
4270,50
4264,50
4268,50
4256,50
4245,50
4246,50
4247,50
4248,50
4250,50
4251,50
4252,50
4253,50
4254,50
4255,50
4249,50
4257,50
4263,50
4258,50
4266,50
4265,50
4244,50
4267,50
4261,50
4260,50
4259,50
4262,50
4308,49
4314,49
4309,49
4310,49
4311,49
4312,49
4313,49
4317,49
4315,49
4316,49
4318,49
4319,49
4321,49
4322,49
4320,49
4307,49
4306,49
4298,49
4305,49
4293,49
4295,49
4296,49
4297,49
4294,49
4299,49
4301,49
4302,49
4303,49
4300,49
4304,49
4353,48
4357,48
4356,48
4355,48
4354,48
4351,48
4352,48
4350,48
4349,48
4347,48
4358,48
4366,48
4360,48
4361,48
4362,48
4363,48
4364,48
4365,48
4367,48
4368,48
4369,48
4370,48
4348,48
4359,48
4346,48
4333,48
4345,48
4323,48
4324,48
4325,48
4326,48
4327,48
4329,48
4330,48
4331,48
4332,48
4328,48
4334,48
4340,48
4335,48
4344,48
4343,48
4342,48
4341,48
4339,48
4338,48
4337,48
4336,48
4407,47
4412,47
4411,47
4410,47
4409,47
4408,47
4402,47
4406,47
4405,47
4404,47
4403,47
4414,47
4413,47
4426,47
4415,47
4416,47
4417,47
4418,47
4419,47
4420,47
4421,47
4422,47
4423,47
4424,47
4425,47
4400,47
4427,47
4401,47
4398,47
4399,47
4384,47
4371,47
4372,47
4373,47
4375,47
4376,47
4377,47
4378,47
4379,47
4380,47
4381,47
4382,47
4383,47
4374,47
4385,47
4392,47
4397,47
4386,47
4396,47
4394,47
4393,47
4395,47
4391,47
4390,47
4389,47
4388,47
4387,47
4452,46
4461,46
4453,46
4454,46
4455,46
4456,46
4457,46
4458,46
4459,46
4460,46
4467,46
4462,46
4463,46
4464,46
4465,46
4466,46
4468,46
4469,46
4470,46
4471,46
4450,46
4451,46
4441,46
4449,46
4437,46
4428,46
4429,46
4430,46
4431,46
4432,46
4433,46
4434,46
4435,46
4436,46
4448,46
4438,46
4440,46
4442,46
4443,46
4444,46
4445,46
4446,46
4447,46
4439,46
4499,45
4502,45
4501,45
4500,45
4495,45
4498,45
4497,45
4496,45
4504,45
4503,45
4509,45
4505,45
4506,45
4507,45
4508,45
4510,45
4511,45
4512,45
4513,45
4514,45
4494,45
4515,45
4493,45
4492,45
4481,45
4491,45
4473,45
4474,45
4475,45
4476,45
4477,45
4478,45
4479,45
4480,45
4472,45
4482,45
4484,45
4485,45
4486,45
4487,45
4488,45
4489,45
4490,45
4483,45
4541,44
4543,44
4542,44
4537,44
4540,44
4539,44
4538,44
4544,44
4535,44
4548,44
4545,44
4546,44
4547,44
4549,44
4550,44
4551,44
4552,44
4553,44
4536,44
4526,44
4534,44
4523,44
4533,44
4516,44
4517,44
4518,44
4520,44
4521,44
4522,44
4519,44
4524,44
4527,44
4528,44
4529,44
4530,44
4531,44
4532,44
4525,44
4584,43
4588,43
4587,43
4586,43
4585,43
4580,43
4583,43
4582,43
4581,43
4590,43
4589,43
4600,43
4591,43
4592,43
4593,43
4594,43
4595,43
4597,43
4598,43
4599,43
4578,43
4601,43
4602,43
4579,43
4596,43
4577,43
4564,43
4555,43
4556,43
4557,43
4558,43
4576,43
4560,43
4554,43
4561,43
4562,43
4563,43
4559,43
4565,43
4571,43
4566,43
4575,43
4573,43
4572,43
4574,43
4570,43
4569,43
4568,43
4567,43
4626,42
4620,42
4621,42
4622,42
4623,42
4624,42
4625,42
4631,42
4627,42
4628,42
4629,42
4630,42
4632,42
4633,42
4619,42
4618,42
4617,42
4609,42
4616,42
4603,42
4605,42
4606,42
4607,42
4608,42
4604,42
4610,42
4612,42
4613,42
4614,42
4611,42
4615,42
4663,41
4667,41
4666,41
4665,41
4664,41
4661,41
4662,41
4660,41
4659,41
4669,41
4668,41
4676,41
4670,41
4671,41
4672,41
4673,41
4674,41
4675,41
4677,41
4678,41
4679,41
4657,41
4658,41
4644,41
4656,41
4634,41
4655,41
4635,41
4636,41
4637,41
4638,41
4639,41
4641,41
4642,41
4643,41
4640,41
4645,41
4650,41
4646,41
4653,41
4652,41
4651,41
4654,41
4649,41
4648,41
4647,41
4715,40
4706,40
4707,40
4708,40
4709,40
4710,40
4711,40
4712,40
4713,40
4714,40
4726,40
4716,40
4717,40
4718,40
4719,40
4720,40
4721,40
4722,40
4723,40
4724,40
4725,40
4703,40
4704,40
4705,40
4702,40
4690,40
4701,40
4680,40
4681,40
4682,40
4683,40
4684,40
4686,40
4687,40
4688,40
4689,40
4685,40
4691,40
4696,40
4692,40
4699,40
4698,40
4697,40
4700,40
4695,40
4694,40
4693,40
4766,39
4755,39
4756,39
4757,39
4758,39
4759,39
4760,39
4761,39
4762,39
4763,39
4764,39
4765,39
4777,39
4767,39
4768,39
4769,39
4770,39
4771,39
4772,39
4773,39
4774,39
4775,39
4776,39
4753,39
4754,39
4728,39
4752,39
4739,39
4727,39
4729,39
4730,39
4731,39
4732,39
4733,39
4734,39
4735,39
4736,39
4737,39
4738,39
4751,39
4740,39
4742,39
4743,39
4744,39
4745,39
4746,39
4747,39
4748,39
4749,39
4750,39
4741,39
4811,38
4815,38
4814,38
4813,38
4812,38
4806,38
4810,38
4809,38
4808,38
4807,38
4817,38
4816,38
4822,38
4818,38
4819,38
4820,38
4821,38
4823,38
4824,38
4825,38
4826,38
4827,38
4828,38
4803,38
4804,38
4805,38
4802,38
4790,38
4778,38
4779,38
4780,38
4781,38
4782,38
4783,38
4785,38
4786,38
4787,38
4788,38
4789,38
4784,38
4791,38
4793,38
4794,38
4795,38
4796,38
4797,38
4798,38
4799,38
4800,38
4792,38
4801,38
4865,37
4869,37
4868,37
4867,37
4866,37
4860,37
4864,37
4863,37
4862,37
4861,37
4859,37
4871,37
4870,37
4883,37
4872,37
4873,37
4874,37
4875,37
4876,37
4877,37
4878,37
4879,37
4880,37
4881,37
4882,37
4857,37
4884,37
4858,37
4837,37
4856,37
4842,37
4855,37
4829,37
4830,37
4831,37
4832,37
4834,37
4835,37
4836,37
4838,37
4839,37
4840,37
4841,37
4833,37
4843,37
4850,37
4854,37
4844,37
4853,37
4851,37
4852,37
4849,37
4848,37
4847,37
4846,37
4845,37
4939,36
4932,36
4938,36
4937,36
4936,36
4935,36
4934,36
4933,36
4926,36
4931,36
4930,36
4929,36
4927,36
4925,36
4924,36
4941,36
4940,36
4955,36
4942,36
4943,36
4922,36
4958,36
4957,36
4956,36
4954,36
4953,36
4952,36
4951,36
4950,36
4949,36
4948,36
4947,36
4946,36
4945,36
4944,36
4923,36
4928,36
4921,36
4894,36
4901,36
4900,36
4899,36
4898,36
4897,36
4896,36
4895,36
4893,36
4903,36
4892,36
4891,36
4889,36
4888,36
4887,36
4886,36
4920,36
4902,36
4890,36
4904,36
4913,36
4905,36
4919,36
4918,36
4916,36
4885,36
4915,36
4914,36
4917,36
4912,36
4910,36
4909,36
4908,36
4907,36
4911,36
4906,36
4994,35
4999,35
4998,35
4997,35
4996,35
4995,35
4992,35
4993,35
4991,35
4990,35
5001,35
4989,35
5000,35
5011,35
5002,35
5003,35
5004,35
5005,35
5007,35
5008,35
5009,35
5010,35
5012,35
5013,35
5014,35
5015,35
4987,35
4988,35
5006,35
4986,35
4971,35
4985,35
4960,35
4961,35
4962,35
4964,35
4965,35
4966,35
4967,35
4968,35
4959,35
4969,35
4970,35
4963,35
4972,35
4979,35
4973,35
4983,35
4981,35
4984,35
4980,35
4982,35
4978,35
4977,35
4976,35
4975,35
4974,35
5048,34
5040,34
5041,34
5042,34
5043,34
5044,34
5045,34
5046,34
5047,34
5054,34
5049,34
5050,34
5051,34
5052,34
5053,34
5055,34
5056,34
5057,34
5058,34
5037,34
5038,34
5039,34
5036,34
5025,34
5035,34
5016,34
5017,34
5019,34
5020,34
5021,34
5022,34
5023,34
5024,34
5018,34
5026,34
5028,34
5029,34
5030,34
5031,34
5032,34
5033,34
5027,34
5034,34
5099,33
5105,33
5104,33
5103,33
5102,33
5101,33
5100,33
5096,33
5098,33
5097,33
5095,33
5094,33
5093,33
5107,33
5106,33
5118,33
5108,33
5109,33
5110,33
5111,33
5112,33
5113,33
5114,33
5115,33
5116,33
5117,33
5119,33
5120,33
5091,33
5122,33
5123,33
5092,33
5121,33
5090,33
5073,33
5089,33
5059,33
5060,33
5062,33
5063,33
5064,33
5065,33
5066,33
5067,33
5068,33
5069,33
5070,33
5071,33
5072,33
5061,33
5074,33
5082,33
5075,33
5088,33
5086,33
5085,33
5084,33
5083,33
5087,33
5081,33
5076,33
5079,33
5078,33
5077,33
5080,33
5163,32
5162,32
5161,32
5160,32
5159,32
5156,32
5158,32
5157,32
5155,32
5154,32
5165,32
5153,32
5164,32
5172,32
5166,32
5167,32
5168,32
5169,32
5170,32
5171,32
5173,32
5174,32
5175,32
5176,32
5177,32
5151,32
5152,32
5147,32
5150,32
5136,32
5124,32
5149,32
5126,32
5127,32
5128,32
5129,32
5130,32
5131,32
5132,32
5133,32
5134,32
5135,32
5125,32
5137,32
5143,32
5138,32
5146,32
5145,32
5144,32
5148,32
5142,32
5141,32
5140,32
5139,32
5205,31
5216,31
5207,31
5208,31
5209,31
5210,31
5211,31
5212,31
5213,31
5214,31
5215,31
5221,31
5217,31
5218,31
5219,31
5220,31
5222,31
5223,31
5224,31
5225,31
5226,31
5227,31
5228,31
5203,31
5204,31
5206,31
5202,31
5189,31
5201,31
5178,31
5179,31
5180,31
5181,31
5182,31
5183,31
5185,31
5186,31
5187,31
5188,31
5184,31
5190,31
5192,31
5193,31
5194,31
5195,31
5196,31
5197,31
5198,31
5199,31
5191,31
5200,31
5264,30
5268,30
5267,30
5266,30
5265,30
5258,30
5263,30
5261,30
5260,30
5259,30
5270,30
5269,30
5282,30
5271,30
5272,30
5273,30
5274,30
5275,30
5276,30
5277,30
5278,30
5279,30
5280,30
5281,30
5256,30
5283,30
5257,30
5262,30
5255,30
5241,30
5254,30
5229,30
5230,30
5231,30
5232,30
5234,30
5235,30
5236,30
5237,30
5238,30
5239,30
5240,30
5233,30
5242,30
5249,30
5253,30
5243,30
5252,30
5250,30
5251,30
5248,30
5247,30
5246,30
5245,30
5244,30
5336,29
5329,29
5335,29
5334,29
5333,29
5332,29
5331,29
5330,29
5324,29
5328,29
5327,29
5326,29
5325,29
5323,29
5322,29
5338,29
5337,29
5320,29
5339,29
5340,29
5355,29
5354,29
5353,29
5352,29
5351,29
5350,29
5349,29
5348,29
5347,29
5346,29
5345,29
5344,29
5343,29
5342,29
5341,29
5321,29
5288,29
5319,29
5301,29
5299,29
5298,29
5297,29
5296,29
5295,29
5294,29
5293,29
5292,29
5291,29
5290,29
5289,29
5287,29
5286,29
5284,29
5318,29
5300,29
5285,29
5302,29
5311,29
5303,29
5317,29
5315,29
5314,29
5313,29
5312,29
5316,29
5310,29
5304,29
5308,29
5307,29
5306,29
5305,29
5309,29
5401,28
5400,28
5399,28
5398,28
5397,28
5396,28
5393,28
5395,28
5394,28
5392,28
5391,28
5390,28
5403,28
5389,28
5402,28
5411,28
5404,28
5405,28
5406,28
5407,28
5408,28
5409,28
5410,28
5412,28
5413,28
5414,28
5415,28
5416,28
5417,28
5387,28
5388,28
5386,28
5363,28
5370,28
5385,28
5356,28
5357,28
5358,28
5359,28
5360,28
5361,28
5362,28
5364,28
5365,28
5366,28
5367,28
5369,28
5368,28
5371,28
5378,28
5384,28
5383,28
5382,28
5381,28
5380,28
5372,28
5379,28
5377,28
5376,28
5375,28
5374,28
5373,28
5466,27
5460,27
5465,27
5464,27
5463,27
5462,27
5461,27
5452,27
5459,27
5458,27
5457,27
5456,27
5455,27
5454,27
5468,27
5467,27
5484,27
5469,27
5470,27
5471,27
5472,27
5473,27
5474,27
5475,27
5476,27
5477,27
5478,27
5479,27
5480,27
5481,27
5482,27
5483,27
5453,27
5418,27
5451,27
5426,27
5432,27
5431,27
5430,27
5429,27
5428,27
5427,27
5425,27
5434,27
5424,27
5423,27
5422,27
5421,27
5450,27
5419,27
5433,27
5420,27
5435,27
5443,27
5436,27
5448,27
5447,27
5446,27
5445,27
5444,27
5449,27
5442,27
5440,27
5439,27
5438,27
5441,27
5437,27
5524,26
5529,26
5528,26
5527,26
5526,26
5525,26
5522,26
5523,26
5521,26
5520,26
5519,26
5518,26
5531,26
5530,26
5539,26
5532,26
5533,26
5534,26
5535,26
5536,26
5537,26
5538,26
5540,26
5541,26
5542,26
5543,26
5544,26
5545,26
5516,26
5517,26
5491,26
5515,26
5499,26
5514,26
5486,26
5487,26
5488,26
5489,26
5490,26
5492,26
5493,26
5494,26
5495,26
5496,26
5497,26
5498,26
5485,26
5500,26
5508,26
5513,26
5501,26
5512,26
5511,26
5509,26
5510,26
5507,26
5506,26
5505,26
5504,26
5503,26
5502,26
5602,25
5595,25
5601,25
5600,25
5599,25
5598,25
5597,25
5596,25
5588,25
5594,25
5593,25
5592,25
5591,25
5590,25
5587,25
5586,25
5604,25
5603,25
5618,25
5605,25
5615,25
5622,25
5621,25
5620,25
5619,25
5584,25
5617,25
5616,25
5614,25
5606,25
5613,25
5612,25
5611,25
5610,25
5609,25
5608,25
5607,25
5585,25
5589,25
5583,25
5553,25
5561,25
5560,25
5559,25
5558,25
5557,25
5556,25
5554,25
5552,25
5563,25
5551,25
5550,25
5549,25
5548,25
5547,25
5546,25
5582,25
5562,25
5555,25
5564,25
5573,25
5565,25
5580,25
5579,25
5578,25
5577,25
5576,25
5575,25
5574,25
5581,25
5572,25
5571,25
5570,25
5569,25
5568,25
5567,25
5566,25
5672,24
5662,24
5679,24
5678,24
5677,24
5676,24
5675,24
5674,24
5673,24
5669,24
5671,24
5670,24
5682,24
5668,24
5667,24
5666,24
5665,24
5664,24
5681,24
5701,24
5683,24
5693,24
5700,24
5699,24
5698,24
5697,24
5696,24
5695,24
5694,24
5692,24
5684,24
5691,24
5690,24
5689,24
5688,24
5687,24
5686,24
5685,24
5663,24
5680,24
5661,24
5641,24
5639,24
5638,24
5637,24
5636,24
5635,24
5634,24
5633,24
5632,24
5631,24
5630,24
5629,24
5628,24
5627,24
5626,24
5625,24
5624,24
5623,24
5640,24
5660,24
5642,24
5651,24
5659,24
5658,24
5657,24
5656,24
5654,24
5653,24
5652,24
5655,24
5650,24
5649,24
5648,24
5647,24
5646,24
5645,24
5644,24
5643,24
5753,23
5760,23
5759,23
5758,23
5757,23
5756,23
5755,23
5754,23
5744,23
5752,23
5751,23
5750,23
5749,23
5748,23
5747,23
5746,23
5745,23
5762,23
5761,23
5771,23
5763,23
5774,23
5742,23
5780,23
5779,23
5778,23
5777,23
5776,23
5775,23
5773,23
5764,23
5772,23
5770,23
5769,23
5768,23
5767,23
5766,23
5765,23
5743,23
5741,23
5703,23
5721,23
5719,23
5718,23
5717,23
5716,23
5715,23
5714,23
5712,23
5711,23
5710,23
5709,23
5708,23
5707,23
5706,23
5705,23
5704,23
5740,23
5702,23
5720,23
5713,23
5722,23
5731,23
5723,23
5738,23
5737,23
5736,23
5735,23
5733,23
5732,23
5734,23
5730,23
5729,23
5728,23
5727,23
5726,23
5725,23
5724,23
5739,23
5837,22
5830,22
5836,22
5835,22
5834,22
5833,22
5832,22
5831,22
5822,22
5829,22
5828,22
5827,22
5826,22
5825,22
5824,22
5823,22
5839,22
5838,22
5820,22
5840,22
5850,22
5858,22
5857,22
5856,22
5855,22
5854,22
5853,22
5852,22
5849,22
5841,22
5848,22
5847,22
5846,22
5845,22
5844,22
5843,22
5842,22
5821,22
5851,22
5819,22
5799,22
5797,22
5796,22
5795,22
5794,22
5793,22
5792,22
5791,22
5790,22
5788,22
5787,22
5786,22
5785,22
5784,22
5783,22
5782,22
5781,22
5818,22
5798,22
5789,22
5800,22
5809,22
5817,22
5801,22
5816,22
5815,22
5814,22
5813,22
5811,22
5810,22
5812,22
5808,22
5807,22
5806,22
5805,22
5804,22
5803,22
5802,22
5922,21
5914,21
5921,21
5920,21
5919,21
5918,21
5917,21
5916,21
5915,21
5905,21
5913,21
5912,21
5911,21
5910,21
5909,21
5908,21
5907,21
5906,21
5904,21
5924,21
5923,21
5943,21
5925,21
5937,21
5945,21
5944,21
5902,21
5942,21
5941,21
5940,21
5939,21
5938,21
5936,21
5926,21
5935,21
5934,21
5933,21
5932,21
5931,21
5929,21
5928,21
5927,21
5903,21
5930,21
5901,21
5879,21
5877,21
5876,21
5875,21
5874,21
5873,21
5872,21
5871,21
5870,21
5868,21
5867,21
5866,21
5865,21
5864,21
5863,21
5862,21
5861,21
5860,21
5859,21
5900,21
5878,21
5869,21
5880,21
5890,21
5899,21
5881,21
5898,21
5897,21
5896,21
5895,21
5894,21
5892,21
5891,21
5893,21
5889,21
5886,21
5882,21
5884,21
5885,21
5883,21
5887,21
5888,21
6010,20
6009,20
6002,20
6008,20
6007,20
6006,20
6005,20
6004,20
6003,20
5992,20
6001,20
6000,20
5999,20
5998,20
5997,20
5996,20
5995,20
5994,20
5993,20
6012,20
6011,20
6033,20
6013,20
6014,20
5990,20
6032,20
6031,20
6030,20
6029,20
6028,20
6027,20
6026,20
6025,20
6024,20
6023,20
6022,20
6021,20
6020,20
6019,20
6018,20
6017,20
6016,20
6015,20
5991,20
5971,20
5989,20
5966,20
5988,20
5963,20
5962,20
5961,20
5960,20
5959,20
5958,20
5957,20
5956,20
5955,20
5954,20
5953,20
5952,20
5951,20
5950,20
5949,20
5948,20
5947,20
5946,20
5965,20
5964,20
5967,20
5979,20
5987,20
5986,20
5985,20
5984,20
5983,20
5982,20
5968,20
5980,20
5981,20
5978,20
5977,20
5976,20
5975,20
5974,20
5973,20
5972,20
5970,20
5969,20
6034,19
6035,19
6036,19
6037,19
6038,18
6039,17
