uid,train_counts
0,1740
1,1505
2,1377
3,1297
4,1210
5,1192
6,1074
11,1055
7,1052
9,1038
10,1011
8,1010
12,1007
13,1000
16,993
17,992
14,976
19,972
20,969
15,968
21,964
18,959
23,943
24,927
22,925
25,915
26,908
27,905
28,861
31,829
35,819
41,818
30,816
29,815
40,810
37,807
32,804
34,800
33,800
38,795
39,793
36,792
42,789
44,782
48,778
43,776
50,761
47,759
49,757
45,756
46,755
54,750
53,749
51,747
52,747
56,745
57,739
59,731
65,719
62,719
60,717
66,717
55,714
67,712
61,711
64,711
58,709
76,708
74,705
75,704
63,704
79,701
73,700
68,699
72,697
69,696
80,691
87,688
81,687
78,687
77,685
83,685
92,682
82,682
94,682
90,681
70,679
89,679
84,677
71,675
100,673
101,672
85,672
86,671
93,668
96,668
97,666
102,665
95,664
112,660
105,660
103,658
91,657
88,657
98,656
107,655
104,652
108,652
99,650
110,648
121,641
111,639
119,639
106,637
126,637
116,636
109,635
120,632
128,630
125,629
114,628
115,625
118,624
122,624
135,623
117,622
123,621
113,620
130,619
136,619
124,616
127,612
134,611
138,610
146,610
129,609
133,606
150,604
149,603
132,601
154,597
156,597
143,596
155,596
168,596
131,592
161,591
145,591
152,590
144,590
148,589
151,588
137,588
164,588
158,588
142,587
141,585
139,584
160,584
165,582
140,582
157,580
153,578
163,576
147,575
159,574
162,574
166,570
178,568
171,567
190,566
179,566
174,563
167,562
181,558
176,558
188,558
175,558
170,557
177,556
194,553
189,552
185,551
173,551
192,551
169,551
183,549
193,548
184,547
196,544
172,544
180,543
195,542
201,539
187,539
207,539
197,538
200,538
182,532
191,532
199,530
203,529
230,527
212,526
202,525
225,524
186,523
198,523
209,522
222,522
216,521
211,521
224,519
217,519
208,519
210,515
221,513
205,513
206,513
204,512
229,510
231,506
235,506
233,505
215,505
219,505
218,504
241,502
232,501
237,500
240,500
220,499
249,499
223,498
265,498
228,498
236,498
251,496
214,496
226,496
213,495
252,493
247,491
238,491
257,491
242,490
259,490
234,490
243,487
239,486
248,484
260,482
273,481
250,481
267,481
266,480
227,480
263,480
258,478
246,476
245,475
270,474
253,474
268,474
254,474
244,473
272,470
261,469
275,468
284,468
287,467
262,467
278,467
269,467
290,467
271,465
285,464
274,464
286,464
302,462
279,462
264,460
255,460
297,459
281,458
294,458
276,455
283,455
256,454
293,453
292,452
277,449
295,447
280,447
282,446
309,445
308,445
305,445
322,444
325,444
307,443
304,442
319,441
300,441
289,441
321,441
306,441
314,440
296,440
317,439
291,439
299,437
303,437
298,437
301,437
318,436
339,436
315,435
310,435
329,434
328,433
337,432
330,432
324,432
332,431
320,431
312,430
333,430
323,430
344,429
288,429
349,427
340,427
336,427
347,426
334,425
346,424
342,424
335,423
316,423
341,422
350,421
313,421
311,421
331,421
353,420
326,420
357,420
358,420
351,419
355,418
364,418
376,416
362,416
352,416
359,414
382,413
327,413
361,411
338,411
374,411
375,411
354,410
367,410
395,410
348,409
403,409
394,408
387,407
370,407
385,407
404,406
369,406
377,406
408,406
343,405
360,404
381,404
406,403
365,403
410,403
412,402
396,402
392,402
393,401
379,401
378,401
356,401
417,401
384,401
363,400
373,400
372,400
415,399
420,398
407,398
368,398
388,397
389,397
398,397
402,396
400,396
390,395
397,395
345,394
399,394
434,393
401,393
425,393
433,392
371,392
411,392
386,391
413,390
428,390
380,389
440,389
446,389
383,389
445,388
391,387
422,387
451,387
474,387
432,386
437,385
430,385
429,385
461,384
435,383
419,383
405,382
414,381
465,381
444,381
421,381
438,380
423,380
487,380
452,380
431,379
427,379
457,379
418,379
366,378
454,378
409,378
458,377
426,377
456,376
467,375
469,375
436,375
462,374
460,374
443,373
505,373
424,371
468,371
491,371
416,371
485,370
466,370
441,370
448,367
455,367
447,366
486,366
472,365
481,364
442,364
439,364
449,364
450,363
493,363
463,362
471,360
477,359
478,359
494,359
523,358
504,357
507,356
479,356
453,356
498,356
508,356
470,356
497,355
473,354
490,353
501,353
488,353
476,353
500,353
502,353
459,352
531,351
484,351
475,351
524,350
529,350
480,350
519,350
509,350
520,350
499,349
489,349
525,348
503,348
464,348
527,347
513,347
552,347
496,346
512,346
483,346
482,346
517,346
492,346
539,346
532,345
533,345
530,344
545,343
548,343
521,342
526,342
575,340
511,340
541,340
510,340
543,339
537,339
601,339
516,339
553,338
518,338
556,338
554,338
534,338
535,337
515,337
514,337
589,336
551,335
540,335
536,335
506,335
495,334
549,333
599,333
564,333
577,332
561,332
557,332
559,332
562,332
542,331
574,330
522,329
626,329
566,328
605,328
622,327
544,327
585,327
609,326
600,326
604,326
570,326
621,326
587,326
558,326
625,325
563,325
579,325
546,325
567,324
578,324
608,324
617,324
573,324
581,324
602,324
580,323
565,323
547,322
569,322
592,322
633,322
641,322
555,322
538,322
607,321
571,321
588,321
528,321
560,321
610,320
597,320
632,320
658,320
590,320
659,319
582,319
595,319
664,318
611,318
624,318
598,318
645,318
576,318
606,317
583,317
651,317
612,317
596,317
615,317
663,317
675,316
639,316
586,316
584,315
568,315
646,315
634,314
550,314
572,314
603,313
671,313
630,313
631,312
667,312
679,312
628,312
697,312
627,311
666,311
623,311
616,310
665,310
638,310
614,309
594,309
677,309
613,308
652,308
637,308
656,308
672,308
654,307
673,307
643,306
593,306
678,306
620,306
640,306
619,305
648,305
642,305
618,304
629,304
702,304
661,304
711,303
681,302
644,302
649,302
690,302
647,302
636,302
653,302
700,301
674,301
668,300
655,300
698,300
676,300
684,300
713,300
682,300
635,299
660,299
683,299
701,298
591,298
729,297
722,297
689,297
745,297
657,295
688,295
721,295
650,295
704,295
726,294
728,294
669,294
695,293
706,293
696,293
710,293
709,293
730,292
685,292
772,292
686,292
714,292
687,292
662,292
703,292
705,291
755,291
727,291
725,290
715,290
694,290
670,289
693,289
741,289
724,289
692,288
691,288
716,288
707,288
751,287
723,287
734,287
733,287
712,286
699,286
766,286
737,286
718,285
717,285
740,284
774,284
735,284
708,284
742,284
758,283
765,283
680,283
720,282
752,282
748,282
743,282
756,281
768,281
808,281
770,280
761,280
732,280
793,280
749,279
786,279
754,278
788,278
794,278
744,278
753,277
782,277
795,277
802,277
738,277
783,276
759,276
731,276
750,275
719,275
769,275
803,274
746,274
773,274
757,273
760,273
739,273
807,273
813,273
789,273
736,272
818,271
814,271
764,271
771,271
804,271
787,271
811,270
866,270
747,270
781,269
809,269
799,269
797,268
767,268
785,268
776,268
824,268
830,268
819,267
763,267
790,267
842,267
815,267
812,267
784,267
823,266
801,266
848,266
791,266
762,266
853,265
792,265
777,264
833,264
775,264
829,263
862,263
874,263
780,263
838,263
840,263
778,263
871,263
849,263
847,262
817,262
827,262
806,262
796,262
858,262
922,261
845,261
816,261
861,260
800,260
825,260
834,260
891,259
822,259
841,259
854,259
820,259
886,258
884,258
821,258
850,258
843,258
892,257
798,257
872,257
855,257
898,257
837,257
885,257
926,256
851,256
805,256
930,256
877,256
895,256
835,256
876,255
865,255
828,255
810,255
779,255
839,255
844,255
914,254
846,254
887,254
836,254
832,254
904,254
913,253
882,253
852,252
901,252
879,252
864,251
948,251
966,251
889,251
890,250
936,250
888,250
831,250
999,250
883,250
899,250
859,250
906,249
935,249
916,249
939,249
875,249
868,248
924,248
873,248
878,248
826,248
911,248
947,248
893,248
910,248
869,248
983,248
963,247
870,247
881,247
912,247
903,246
867,246
949,246
880,246
915,246
917,246
863,246
919,246
972,246
896,246
967,245
989,245
857,245
921,245
927,245
951,245
929,245
860,244
961,244
933,244
920,244
981,244
976,244
973,244
950,244
969,244
1023,243
934,243
907,243
1007,243
980,243
1011,243
1006,243
905,243
928,242
856,242
1045,242
1044,242
938,242
959,242
1003,241
902,241
1024,241
956,241
900,241
1046,241
918,241
897,241
990,241
960,240
944,240
1060,240
937,240
968,240
946,239
923,239
932,239
977,239
996,239
984,239
1064,239
978,239
982,238
941,238
1001,238
992,238
1047,238
894,238
962,237
940,237
975,237
955,237
1005,237
953,237
998,237
908,236
1039,236
965,236
971,236
957,236
991,235
1058,235
1030,235
1022,235
1031,235
1050,235
943,235
1028,235
1061,235
993,234
958,234
1042,234
979,234
1065,234
942,234
974,234
994,234
945,233
1002,233
909,233
1076,233
1069,233
1015,232
987,232
1053,232
986,232
931,232
970,232
1093,232
925,232
997,231
1036,231
1004,231
954,231
1034,231
1020,231
1103,231
952,231
1051,231
1035,230
1018,230
1066,229
1078,229
1025,229
985,229
1059,229
1043,229
1008,229
1032,229
1010,228
1107,228
1067,228
1027,228
1040,228
1033,228
1000,227
1013,227
1041,227
1014,226
988,226
964,226
1081,226
1048,226
1074,226
1062,226
1079,226
1082,225
1017,225
1091,225
1102,225
1073,225
1057,225
1075,224
1090,224
1016,223
1012,223
995,223
1089,223
1080,223
1116,223
1037,223
1021,223
1063,223
1009,223
1019,222
1149,222
1101,222
1072,222
1096,222
1038,221
1088,221
1029,221
1136,221
1056,220
1094,220
1049,220
1092,220
1026,220
1071,219
1109,219
1052,219
1084,218
1153,218
1160,218
1113,218
1108,218
1077,218
1119,218
1144,217
1087,217
1070,217
1179,217
1110,217
1141,216
1148,216
1212,216
1183,216
1118,216
1068,216
1085,216
1126,216
1124,215
1055,215
1129,215
1205,215
1133,215
1137,215
1083,215
1117,215
1151,215
1127,215
1112,214
1194,214
1180,214
1220,214
1130,214
1115,214
1170,214
1158,214
1086,213
1161,213
1098,213
1150,213
1099,212
1207,212
1125,212
1232,212
1131,212
1196,212
1216,212
1095,212
1114,211
1155,211
1147,211
1134,211
1142,211
1175,211
1162,211
1198,210
1120,210
1165,210
1213,210
1105,210
1185,210
1135,210
1172,210
1193,209
1104,209
1143,209
1221,209
1226,209
1167,209
1122,209
1225,209
1192,209
1159,208
1132,208
1152,208
1186,208
1182,208
1154,208
1128,208
1121,208
1199,208
1203,208
1054,208
1146,207
1168,207
1171,207
1097,207
1138,207
1173,206
1111,206
1187,206
1139,206
1204,206
1181,206
1163,206
1100,206
1245,205
1157,205
1195,205
1206,205
1224,205
1106,205
1223,204
1145,204
1178,204
1237,204
1244,204
1140,204
1164,203
1177,203
1209,203
1215,203
1169,203
1236,203
1166,203
1208,203
1210,203
1217,203
1123,202
1248,202
1156,202
1184,202
1190,202
1227,202
1267,201
1197,201
1273,201
1293,201
1243,201
1290,201
1252,201
1176,200
1265,200
1201,200
1271,200
1235,200
1214,200
1219,200
1246,199
1251,199
1287,199
1174,199
1211,198
1240,198
1242,198
1229,198
1234,198
1262,198
1281,197
1261,197
1306,197
1241,197
1189,197
1263,196
1191,196
1331,196
1250,196
1253,196
1249,196
1283,196
1327,195
1325,195
1231,194
1254,194
1274,194
1202,194
1356,194
1228,194
1247,194
1200,194
1286,194
1238,193
1330,193
1230,193
1373,193
1324,193
1329,192
1316,192
1255,192
1259,192
1269,191
1260,191
1257,191
1233,191
1218,191
1350,191
1279,191
1387,190
1268,190
1222,190
1336,190
1298,190
1342,190
1282,189
1357,189
1309,189
1264,189
1307,189
1304,189
1239,189
1310,189
1258,189
1289,188
1299,188
1285,188
1297,188
1305,188
1295,188
1291,187
1292,187
1277,187
1296,187
1278,187
1401,187
1288,187
1348,187
1272,187
1314,186
1370,186
1256,186
1355,186
1394,186
1300,186
1266,186
1276,186
1382,185
1396,185
1408,185
1339,185
1188,185
1312,185
1413,184
1335,184
1364,184
1340,184
1349,184
1315,184
1353,183
1337,183
1360,183
1338,183
1466,183
1320,183
1365,183
1308,183
1436,183
1393,183
1334,183
1479,183
1345,183
1358,182
1418,182
1303,182
1351,182
1318,182
1354,182
1275,182
1385,182
1368,182
1468,182
1359,182
1321,181
1333,181
1438,181
1483,181
1332,181
1317,181
1417,181
1426,181
1395,181
1319,181
1352,181
1416,181
1477,181
1347,181
1311,180
1323,180
1388,180
1372,180
1415,180
1375,180
1423,180
1400,179
1379,179
1328,179
1363,179
1302,179
1390,179
1389,179
1545,178
1452,178
1280,178
1326,178
1428,178
1404,178
1456,177
1378,177
1409,177
1410,177
1414,177
1344,177
1447,177
1457,176
1383,176
1377,176
1369,176
1346,176
1398,176
1313,176
1444,176
1301,176
1422,175
1486,175
1407,175
1343,175
1371,175
1440,175
1341,175
1459,175
1362,175
1374,175
1462,175
1445,175
1366,175
1458,175
1432,175
1424,174
1429,174
1403,174
1361,174
1284,174
1454,174
1420,174
1494,174
1465,174
1270,174
1437,174
1450,174
1294,173
1391,173
1583,173
1441,173
1549,173
1571,172
1453,172
1507,172
1500,172
1470,172
1392,172
1473,172
1411,172
1535,172
1451,172
1412,172
1502,172
1442,171
1478,171
1427,171
1490,171
1495,171
1421,171
1425,171
1471,171
1449,171
1439,171
1448,171
1481,171
1555,171
1419,171
1431,171
1455,170
1547,170
1469,170
1367,170
1386,170
1480,170
1475,170
1576,170
1519,170
1511,170
1522,170
1518,170
1570,170
1531,170
1461,170
1598,170
1553,169
1322,169
1397,169
1406,169
1384,169
1467,169
1493,169
1572,169
1435,169
1476,169
1488,168
1504,168
1464,168
1498,168
1380,168
1487,168
1446,168
1510,168
1624,168
1529,168
1399,168
1499,168
1506,168
1496,167
1501,167
1443,167
1515,167
1381,167
1525,167
1434,167
1463,167
1542,167
1533,167
1595,167
1585,167
1569,167
1523,167
1508,166
1505,166
1551,166
1558,166
1460,166
1524,166
1566,166
1554,165
1512,165
1594,165
1527,165
1433,165
1610,165
1405,165
1574,165
1402,165
1544,164
1492,164
1596,164
1530,164
1577,164
1472,164
1588,164
1474,164
1561,164
1532,164
1482,163
1526,163
1575,163
1513,163
1626,163
1668,163
1543,163
1601,163
1546,162
1621,162
1563,162
1591,162
1509,162
1589,162
1582,162
1580,162
1552,162
1521,162
1489,162
1663,162
1559,162
1581,161
1497,161
1634,161
1605,161
1590,161
1620,161
1538,161
1630,161
1600,161
1541,161
1615,161
1586,161
1514,161
1592,160
1528,160
1641,160
1536,160
1484,160
1607,160
1628,160
1517,160
1491,160
1567,160
1617,159
1640,159
1376,159
1629,159
1603,159
1593,159
1636,159
1650,158
1646,158
1550,158
1608,158
1623,158
1584,158
1690,158
1534,158
1638,157
1637,157
1430,157
1485,157
1562,157
1699,157
1520,157
1687,157
1678,157
1658,157
1622,157
1548,157
1619,156
1633,156
1564,156
1557,156
1655,156
1597,156
1724,156
1616,156
1657,156
1540,156
1653,156
1556,156
1578,156
1579,156
1614,155
1568,155
1697,155
1683,155
1516,155
1606,155
1667,154
1602,154
1656,154
1537,154
1573,154
1677,154
1659,154
1560,154
1722,153
1716,153
1539,153
1675,153
1565,153
1692,153
1747,153
1694,153
1661,153
1708,152
1715,152
1680,152
1679,152
1681,152
1676,152
1741,152
1613,152
1647,152
1631,152
1660,152
1651,152
1700,152
1682,152
1609,152
1652,152
1642,151
1618,151
1644,151
1645,151
1649,151
1648,151
1643,151
1703,151
1632,151
1639,150
1706,150
1666,150
1720,150
1627,150
1746,150
1671,150
1503,150
1599,150
1781,150
1763,150
1662,150
1726,150
1674,150
1691,150
1738,150
1710,150
1725,149
1769,149
1664,149
1625,149
1713,149
1673,149
1709,149
1587,149
1742,149
1604,149
1807,149
1758,149
1757,149
1688,149
1698,149
1686,148
1701,148
1764,148
1707,148
1729,148
1665,148
1760,148
1704,148
1756,148
1702,148
1765,148
1705,148
1751,148
1612,147
1772,147
1711,147
1804,147
1750,147
1808,147
1693,147
1695,146
1830,146
1795,146
1792,146
1718,146
1672,146
1717,146
1862,146
1761,146
1779,146
1754,145
1739,145
1822,145
1670,145
1920,145
1770,145
1731,145
1771,145
1685,145
1669,145
1728,145
1684,145
1780,144
1785,144
1740,144
1857,144
1883,144
1721,144
1689,144
1654,144
1791,144
1755,143
1753,143
1820,143
1752,143
1712,143
1733,143
1735,143
1879,143
1868,143
1611,142
1866,142
1719,142
1759,142
1806,142
1744,142
1823,142
1736,142
1803,142
1841,142
1749,142
1819,142
1737,142
1734,142
1788,141
1800,141
1815,141
1766,141
1950,141
1775,141
1814,141
1714,141
1867,140
1789,140
1837,140
1798,140
1842,140
1816,140
1777,140
1871,140
1773,140
1782,140
1767,140
1732,140
1730,139
1832,139
1860,139
1762,139
1851,139
1875,139
1696,139
1801,139
1828,139
1778,139
1727,139
1864,139
1845,139
1796,138
1893,138
1846,138
1776,138
1840,138
1897,138
1827,138
1809,138
1849,138
1805,138
1908,138
1787,138
1850,138
1856,138
1818,138
1810,138
1872,138
1844,138
1786,137
1907,137
1812,137
1635,137
1723,137
1865,137
1813,137
2004,136
1774,136
1799,136
1929,136
1863,136
1899,136
2027,136
1743,136
1895,135
1835,135
1971,135
1797,135
1748,135
2074,135
1794,135
1853,135
1880,134
1834,134
1912,134
1941,134
1817,134
1877,134
2001,134
1963,134
1882,134
1934,134
1847,134
1945,134
1947,134
1876,134
2006,133
1768,133
1802,133
1824,133
1891,133
1869,133
1904,133
1970,133
1833,133
1745,133
1927,133
1836,133
1922,133
1918,133
2039,133
1784,133
1859,132
1901,132
1935,132
1936,132
1878,132
1959,132
1888,132
1825,132
1896,132
1811,132
1954,132
1855,132
2035,132
1826,132
1838,132
1962,131
1854,131
1881,131
1930,131
1887,131
1985,131
2032,131
1831,131
2013,131
1793,131
1984,131
1939,131
1839,130
1903,130
1982,130
2082,130
2041,130
1974,130
1993,130
2015,130
1892,130
1905,130
1926,130
1829,130
1998,129
1942,129
1949,129
1940,129
1914,129
2054,129
2104,129
1931,129
1885,129
2173,129
1952,129
1873,129
1783,129
1890,129
1937,129
1906,129
2093,129
1909,129
1917,129
1958,128
1932,128
1960,128
1898,128
2010,128
1910,128
1861,128
1953,128
1964,128
2087,128
1948,128
1858,128
2017,128
1988,128
1886,127
1966,127
2012,127
2106,127
1992,127
1951,127
2020,127
1989,127
1921,127
2005,127
2018,127
1981,127
1843,127
2064,127
2009,127
2043,127
1889,126
1956,126
1894,126
1790,126
2078,126
2030,126
2022,126
2092,126
1961,126
2060,126
2083,126
2029,126
2117,126
1968,126
2057,126
1938,126
1969,126
1979,126
2126,125
2055,125
2184,125
1884,125
1916,125
2138,125
2119,125
2008,125
1923,125
2075,125
2175,125
1874,125
2024,125
1900,125
1848,125
1965,124
1915,124
2062,124
2085,124
1902,124
2125,124
1925,124
2044,124
2007,124
2090,124
1997,124
1977,124
1991,124
2028,124
2003,124
2151,124
2036,124
1870,123
2038,123
2189,123
2019,123
1972,123
1955,123
2098,123
1967,123
1919,123
2014,123
2203,123
1913,123
1933,123
2066,123
1973,122
2097,122
2130,122
2153,122
2154,122
1994,122
2079,122
2128,122
1924,122
1978,122
2112,122
1911,122
2170,122
2037,122
1980,122
2100,122
2108,122
2091,122
2145,122
2160,122
2111,122
2021,122
1996,122
2016,122
2081,121
2025,121
2040,121
2110,121
2053,121
2162,121
2023,121
2172,121
2080,121
1852,121
1986,121
2048,121
1995,121
2045,121
2033,121
2187,121
1990,121
2152,121
2077,121
2144,121
2127,121
1999,121
2047,120
1943,120
1928,120
1957,120
2052,120
1975,120
2135,120
2084,120
2107,120
2132,120
2061,120
2159,120
2123,120
2096,120
2216,119
2103,119
2086,119
2046,119
1946,119
2067,119
1944,119
2121,119
1821,119
2118,119
2134,119
2000,119
2002,119
2212,119
2124,119
2143,118
2185,118
2122,118
2167,118
2133,118
2163,118
2099,118
1983,118
2218,118
2031,118
1976,118
2181,118
2026,118
2258,118
1987,118
2140,118
2148,117
2051,117
2089,117
2155,117
2164,117
2200,117
2088,117
2094,117
2223,117
2120,117
2234,117
2056,117
2198,117
2068,117
2141,116
2179,116
2280,116
2049,116
2231,116
2182,116
2204,116
2136,116
2073,116
2199,116
2177,116
2147,116
2165,116
2063,116
2183,116
2050,116
2313,115
2246,115
2273,115
2142,115
2176,115
2193,115
2101,115
2174,115
2206,115
2105,115
2194,115
2267,115
2034,115
2195,115
2139,115
2219,115
2166,115
2171,115
2072,115
2042,115
2102,114
2168,114
2186,114
2355,114
2169,114
2244,114
2305,114
2158,114
2236,114
2188,114
2201,114
2011,114
2076,114
2115,114
2232,114
2114,114
2202,114
2059,114
2196,114
2260,114
2342,113
2192,113
2230,113
2222,113
2205,113
2070,113
2217,113
2065,113
2209,112
2301,112
2254,112
2221,112
2071,112
2069,112
2149,112
2269,112
2131,112
2259,112
2150,111
2268,111
2266,111
2242,111
2415,111
2249,111
2303,111
2368,111
2294,111
2276,111
2116,111
2319,111
2058,111
2350,111
2252,111
2439,110
2314,110
2405,110
2220,110
2178,110
2191,110
2330,110
2095,110
2343,110
2129,110
2285,110
2282,110
2224,110
2251,110
2295,110
2326,109
2357,109
2262,109
2235,109
2225,109
2474,109
2374,109
2290,109
2229,109
2347,109
2316,109
2332,109
2345,109
2271,109
2346,109
2250,109
2237,109
2361,109
2322,109
2157,109
2323,109
2264,109
2299,109
2286,108
2324,108
2277,108
2386,108
2233,108
2197,108
2353,108
2426,108
2478,108
2340,108
2425,108
2306,108
2113,108
2228,108
2137,108
2190,108
2239,108
2352,108
2372,107
2315,107
2287,107
2156,107
2210,107
2284,107
2227,107
2263,107
2109,107
2302,107
2240,107
2359,107
2214,107
2296,107
2211,107
2298,107
2333,107
2336,107
2442,107
2288,107
2272,107
2146,107
2335,107
2274,106
2394,106
2434,106
2380,106
2320,106
2334,106
2392,106
2257,106
2448,106
2253,106
2375,106
2390,106
2311,106
2500,106
2270,106
2508,105
2317,105
2215,105
2261,105
2494,105
2503,105
2292,105
2312,105
2383,105
2344,105
2208,105
2283,105
2327,105
2388,105
2420,105
2459,105
2341,104
2180,104
2300,104
2369,104
2238,104
2364,104
2309,104
2371,104
2289,104
2331,104
2414,104
2349,104
2248,104
2275,104
2384,104
2370,104
2397,104
2395,104
2401,104
2416,104
2256,104
2265,104
2458,103
2579,103
2367,103
2255,103
2281,103
2438,103
2363,103
2483,103
2321,103
2462,103
2484,103
2433,103
2385,103
2338,103
2207,103
2456,102
2243,102
2278,102
2486,102
2558,102
2365,102
2328,102
2337,102
2318,102
2382,102
2399,102
2467,102
2496,102
2404,102
2449,102
2501,101
2358,101
2356,101
2630,101
2161,101
2366,101
2402,101
2377,101
2241,101
2348,101
2437,101
2279,101
2325,101
2450,101
2247,101
2381,101
2389,101
2376,101
2393,101
2427,101
2519,101
2293,101
2460,100
2515,100
2378,100
2463,100
2481,100
2418,100
2403,100
2407,100
2452,100
2400,100
2419,100
2379,100
2310,100
2550,100
2307,100
2422,100
2409,100
2362,100
2457,100
2396,100
2291,100
2245,100
2561,99
2655,99
2304,99
2451,99
2477,99
2354,99
2589,99
2430,99
2226,99
2443,99
2641,99
2560,99
2509,99
2585,99
2590,99
2213,99
2581,99
2469,99
2532,99
2466,99
2453,99
2522,99
2518,99
2564,99
2475,98
2534,98
2569,98
2471,98
2538,98
2540,98
2598,98
2554,98
2492,98
2610,98
2488,98
2351,98
2406,98
2594,98
2511,98
2417,98
2605,98
2447,98
2454,98
2498,98
2297,98
2391,98
2527,98
2566,98
2435,98
2387,98
2502,97
2373,97
2504,97
2586,97
2542,97
2587,97
2428,97
2464,97
2525,97
2423,97
2529,97
2493,97
2432,97
2329,97
2565,97
2441,97
2339,97
2497,97
2601,97
2611,97
2470,97
2620,97
2652,97
2465,97
2410,97
2436,97
2516,97
2517,97
2487,96
2413,96
2468,96
2490,96
2556,96
2553,96
2473,96
2536,96
2547,96
2691,96
2531,96
2446,96
2632,96
2555,96
2535,96
2584,96
2412,96
2642,96
2408,96
2673,96
2612,96
2710,96
2578,95
2513,95
2582,95
2541,95
2613,95
2398,95
2480,95
2668,95
2681,95
2482,95
2599,95
2523,95
2521,95
2608,95
2537,95
2431,95
2552,95
2495,95
2424,95
2411,95
2570,95
2666,95
2574,95
2429,94
2491,94
2489,94
2445,94
2634,94
2539,94
2667,94
2766,94
2526,94
2615,94
2510,94
2506,94
2572,94
2657,94
2600,94
2618,94
2545,94
2583,94
2444,94
2597,94
2609,94
2476,94
2479,94
2777,94
2512,94
2604,94
2624,94
2617,94
2623,94
2602,93
2614,93
2461,93
2621,93
2576,93
2619,93
2592,93
2559,93
2546,93
2704,93
2635,93
2567,93
2544,93
2798,93
2591,93
2682,93
2543,93
2643,93
2616,93
2573,93
2588,93
2644,93
2805,92
2720,92
2533,92
2663,92
2670,92
2638,92
2692,92
2455,92
2524,92
2507,92
2730,92
2528,92
2530,92
2757,92
2713,92
2716,92
2706,92
2714,91
2658,91
2649,91
2571,91
2636,91
2671,91
2551,91
2693,91
2603,91
2711,91
2772,91
2472,91
2562,91
2646,91
2629,91
2549,91
2820,91
2631,91
2683,91
2756,91
2648,91
2606,91
2845,90
2622,90
2628,90
2662,90
2625,90
2645,90
2834,90
2782,90
2675,90
2640,90
2575,90
2700,90
2802,90
2654,90
2440,90
2837,90
2792,90
2651,90
2596,90
2647,90
2669,90
2695,89
2881,89
2768,89
2748,89
2676,89
2548,89
2568,89
2775,89
2737,89
2703,89
2726,89
2721,89
2812,89
2705,89
2633,89
2738,89
2360,89
2758,89
2727,89
2650,89
2685,89
2563,89
2505,88
2499,88
2815,88
2722,88
2665,88
2718,88
2744,88
2593,88
2674,88
2795,88
2846,88
2557,88
2827,88
2741,88
2421,88
2639,88
2698,88
2732,88
2308,88
2774,88
2725,88
2659,88
2701,88
2804,88
2690,88
2728,88
2919,88
2687,87
2679,87
2661,87
2891,87
2759,87
2784,87
2796,87
2894,87
2660,87
2824,87
2740,87
2934,87
2607,87
2736,87
2729,87
2577,87
2823,87
2686,87
2883,87
2826,87
2906,87
2822,87
2764,87
2739,87
2637,87
2684,87
2514,86
2855,86
2754,86
2696,86
2867,86
2656,86
2790,86
2697,86
2595,86
2943,86
2672,86
2813,86
2708,86
2848,86
2908,86
2734,86
2719,86
3050,86
2742,86
2688,86
2816,86
2794,86
2746,86
2800,86
2767,85
2763,85
2680,85
2699,85
2863,85
2844,85
2968,85
2938,85
2866,85
2871,85
2520,85
2712,85
2839,85
2903,85
2793,85
2735,85
2778,85
2771,85
2887,85
2910,85
2761,85
2981,85
2762,85
2889,84
2664,84
3028,84
2707,84
2653,84
2847,84
2580,84
2677,84
3026,84
2626,84
2927,84
2770,84
2957,84
2743,84
2821,84
2788,84
2715,84
2882,84
3015,84
2709,84
2862,84
2829,84
2485,84
2773,84
2912,83
2753,83
2931,83
2750,83
2864,83
2786,83
2876,83
2694,83
3017,83
2975,83
2791,83
2819,83
2752,83
2935,83
2953,83
2832,83
2745,83
2888,83
2861,83
2874,83
2865,83
2925,83
2842,83
2809,83
3027,82
2963,82
2996,82
2997,82
2944,82
2817,82
2803,82
2937,82
2914,82
2723,82
3030,82
2689,82
2977,82
2879,82
2970,82
2830,82
2717,82
2945,82
2808,82
2969,82
2936,81
2917,81
2857,81
3003,81
2841,81
3016,81
2923,81
2799,81
2780,81
2954,81
2893,81
3021,81
2901,81
2850,81
2899,81
2779,81
2961,81
2998,81
2950,81
2900,81
2836,81
2920,81
2875,80
2825,80
2835,80
2724,80
3010,80
2860,80
2967,80
2781,80
2783,80
2965,80
2880,80
3013,80
2946,80
2895,80
2933,80
2948,80
2810,80
2627,80
2986,80
3029,80
2751,80
2892,80
2872,80
2995,80
2982,80
2973,80
2806,80
2877,79
3104,79
2838,79
2678,79
2902,79
2787,79
2992,79
2960,79
3070,79
3048,79
2868,79
2928,79
2733,79
2913,79
3094,79
2922,79
2749,79
2731,79
3231,79
2921,79
2702,79
2989,79
2949,79
2797,79
2915,79
3064,79
2972,79
2932,79
2964,79
3024,79
2966,79
2833,79
2765,78
2952,78
2890,78
2916,78
2930,78
2878,78
3045,78
2818,78
2814,78
2859,78
3162,78
2870,78
2924,78
2807,78
2873,78
2951,78
2993,78
2853,78
3066,78
3105,78
2896,78
2979,78
2831,78
2885,78
2755,78
3118,78
2907,78
3032,78
2884,78
3084,78
3085,78
2984,78
2978,78
2971,78
2962,78
3001,78
3176,78
3014,78
2886,78
2991,77
3037,77
2994,77
3209,77
3152,77
2955,77
3002,77
3100,77
3111,77
2942,77
2811,77
2849,77
2747,77
3004,77
2988,77
2769,77
3069,77
3138,77
3019,77
2801,76
2956,76
2926,76
3025,76
3077,76
2869,76
3068,76
3139,76
3042,76
2987,76
3031,76
2856,76
2843,76
2911,76
2840,76
3147,76
3022,76
3272,76
2854,76
3046,76
2939,76
2904,76
3047,76
3000,76
3158,76
2983,76
2851,76
3076,75
3109,75
2941,75
2785,75
3122,75
3131,75
3051,75
3260,75
2918,75
3121,75
2909,75
3141,75
3012,75
2929,75
3056,75
2990,75
3112,75
3011,75
3203,75
2905,75
3106,75
2976,75
3142,75
3091,75
3079,75
3055,75
3078,75
2940,75
3170,75
3082,75
3124,75
3134,75
3098,74
3168,74
3233,74
2760,74
3165,74
3053,74
3009,74
3080,74
3034,74
3136,74
3018,74
3035,74
3202,74
3071,74
3074,74
3039,74
3146,74
2985,74
3007,74
2828,74
3096,74
3087,74
3005,74
3173,74
2858,74
3006,74
3197,73
3242,73
3185,73
2974,73
3054,73
3229,73
2947,73
3081,73
2897,73
3088,73
3127,73
3073,73
3153,73
3061,73
3132,73
3126,73
3075,73
3188,73
3036,73
3083,73
3119,73
3057,73
3101,73
3137,73
3060,73
3225,73
3235,73
3090,73
3023,73
3059,73
2958,73
2959,72
3234,72
3314,72
3164,72
3089,72
3113,72
3040,72
3086,72
3174,72
2898,72
3175,72
3166,72
2852,72
3252,72
3399,72
3155,72
3157,72
3299,72
3038,72
2980,72
3287,71
3140,71
2776,71
3107,71
3159,71
3099,71
3116,71
3052,71
2999,71
3148,71
3228,71
2789,71
3125,71
3223,71
3102,71
3043,71
3222,71
3133,71
3020,71
3294,71
3108,71
3154,71
3265,71
3065,70
3161,70
3143,70
3343,70
3145,70
3033,70
3169,70
3259,70
3371,70
3194,70
3308,70
3103,70
3151,70
3230,70
3187,70
3248,70
3214,70
3331,70
3224,70
3008,70
3212,70
3274,70
3341,70
3160,70
3044,70
3135,70
3063,70
3336,70
3058,70
3190,69
3254,69
3198,69
3049,69
3292,69
3213,69
3180,69
3351,69
3199,69
3216,69
3115,69
3167,69
3236,69
3261,69
3268,69
3193,69
3110,69
3320,69
3302,69
3346,69
3149,69
3067,69
3270,69
3172,69
3267,69
3303,69
3227,69
3191,69
3184,68
3097,68
3375,68
3208,68
3200,68
3163,68
3249,68
3232,68
3204,68
3349,68
3177,68
3361,68
3219,68
3282,68
3247,68
3413,68
3366,68
3130,68
3062,68
3217,68
3196,68
3243,68
3269,68
3237,68
3189,68
3171,68
3290,68
3319,68
3250,68
3313,68
3114,68
3295,68
3206,68
3281,67
3181,67
3207,67
3253,67
3179,67
3251,67
3205,67
3283,67
3256,67
3186,67
3277,67
3220,67
3240,67
3257,67
3041,67
3332,67
3195,67
3262,67
3221,66
3241,66
3297,66
3324,66
3394,66
3144,66
3391,66
3329,66
3289,66
3129,66
3469,66
3353,66
3441,66
3218,66
3095,66
3533,66
3183,66
3306,66
3182,66
3275,66
3334,66
3117,66
3416,65
3525,65
3093,65
3288,65
3280,65
3293,65
3278,65
3421,65
3271,65
3376,65
3072,65
3352,65
3369,65
3178,65
3459,65
3487,65
3210,65
3156,65
3317,65
3356,65
3120,65
3499,65
3338,65
3318,65
3471,65
3327,65
3211,65
3408,65
3300,64
3315,64
3239,64
3323,64
3335,64
3355,64
3426,64
3337,64
3226,64
3405,64
3246,64
3150,64
3344,64
3263,64
3311,64
3244,64
3276,64
3123,64
3485,64
3215,64
3312,64
3291,64
3192,64
3385,64
3403,64
3463,64
3470,64
3392,64
3238,64
3128,64
3464,64
3478,64
3372,64
3359,64
3398,63
3444,63
3365,63
3557,63
3347,63
3396,63
3342,63
3393,63
3445,63
3328,63
3377,63
3411,63
3307,63
3201,63
3429,63
3273,63
3092,63
3380,63
3245,63
3325,63
3402,63
3553,63
3415,63
3417,63
3279,63
3354,63
3378,63
3309,62
3462,62
3565,62
3443,62
3519,62
3326,62
3404,62
3310,62
3439,62
3298,62
3481,62
3395,62
3449,62
3316,62
3555,62
3370,62
3406,62
3450,62
3381,62
3584,62
3670,62
3304,62
3494,62
3611,62
3528,61
3703,61
3524,61
3383,61
3474,61
3364,61
3362,61
3382,61
3453,61
3340,61
3477,61
3522,61
3435,61
3418,61
3472,61
3468,61
3410,61
3284,61
3438,61
3684,61
3489,61
3321,61
3339,61
3574,61
3437,61
3397,61
3526,61
3580,61
3401,61
3447,61
3532,61
3564,61
3422,61
3296,61
3568,61
3465,61
3457,61
3560,61
3498,61
3466,61
3266,61
3529,61
3330,61
3586,61
3373,60
3407,60
3542,60
3387,60
3440,60
3575,60
3452,60
3486,60
3301,60
3505,60
3348,60
3285,60
3433,60
3425,60
3589,60
3527,60
3446,60
3566,60
3613,60
3503,60
3427,60
3419,60
3412,60
3702,60
3423,60
3428,60
3476,60
3451,60
3258,60
3379,60
3506,60
3350,60
3454,60
3599,60
3720,60
3496,60
3374,60
3424,59
3554,59
3414,59
3442,59
3513,59
3357,59
3523,59
3616,59
3614,59
3512,59
3458,59
3548,59
3595,59
3615,59
3517,59
3497,59
3389,59
3255,59
3460,59
3558,59
3501,59
3368,59
3480,59
3636,59
3639,59
3643,59
3386,59
3473,59
3709,59
3728,59
3467,59
3322,59
3556,59
3434,59
3461,59
3705,59
3358,58
3384,58
3585,58
3504,58
3699,58
3897,58
3390,58
3573,58
3530,58
3493,58
3360,58
3594,58
3591,58
3345,58
3697,58
3475,58
3657,58
3495,58
3598,58
3622,58
3681,58
3500,58
3400,58
3538,58
3609,58
3754,58
3549,58
3448,58
3305,58
3559,58
3431,58
3456,58
3621,58
3605,58
3264,57
3535,57
3752,57
3747,57
3546,57
3534,57
3436,57
3602,57
3660,57
3507,57
3674,57
3540,57
3520,57
3600,57
3430,57
3570,57
3518,57
3561,57
3689,57
3790,57
3544,57
3509,57
3604,57
3635,57
3757,57
3597,57
3536,57
3821,57
3483,57
3640,57
3650,57
3698,57
3683,57
3758,57
3617,57
3623,57
3677,57
3588,57
3491,57
3479,57
3679,56
3488,56
3515,56
3750,56
3608,56
3571,56
3667,56
3537,56
3587,56
3766,56
3576,56
3286,56
3618,56
3581,56
3715,56
3545,56
3905,56
3648,56
3798,56
3794,56
3704,56
3490,56
3731,56
3484,56
3694,56
3550,56
3813,56
3706,56
3653,56
3363,56
3902,56
3848,56
3420,56
3502,56
3695,55
3738,55
3539,55
3508,55
3748,55
3637,55
3721,55
3718,55
3824,55
3774,55
3700,55
3333,55
3567,55
3432,55
3551,55
3664,55
3765,55
3409,55
3711,55
3797,55
3510,55
3723,55
3601,55
3769,55
3569,55
3741,55
3900,55
3672,55
3896,55
3701,55
3633,55
3582,55
3388,55
3872,55
3730,55
3656,55
3367,55
3541,55
3746,55
3641,55
3685,55
3620,55
3666,55
3578,54
3678,54
3590,54
3878,54
3627,54
3713,54
3592,54
3744,54
3516,54
3782,54
3655,54
3663,54
3543,54
3696,54
3773,54
3796,54
3531,54
3646,54
3726,54
3547,54
3492,54
3521,54
3630,54
3729,54
3805,54
3800,54
3642,54
3780,54
3654,54
3690,54
3676,54
3716,54
3984,54
3455,54
3708,54
4031,54
3562,53
3804,53
4013,53
3854,53
3918,53
3802,53
3596,53
3857,53
3740,53
3668,53
3834,53
3827,53
3737,53
3691,53
3662,53
3563,53
3673,53
3625,53
3777,53
3579,53
3671,53
3837,53
3632,53
3577,53
3583,53
3833,53
3793,53
3785,53
3820,53
3612,53
3946,53
3482,53
3743,53
3661,53
3693,53
3675,53
3763,53
3760,53
3829,53
3795,52
3707,52
3856,52
3593,52
3733,52
3961,52
3861,52
3745,52
3511,52
3669,52
3772,52
3725,52
3792,52
3922,52
3973,52
3764,52
3865,52
3789,52
3514,52
3647,52
3658,52
3860,52
3651,52
3775,52
3828,52
3761,52
3781,52
3855,52
3838,52
3791,52
3712,52
3858,51
3735,51
3624,51
4021,51
3901,51
3645,51
3753,51
3742,51
3893,51
3756,51
3846,51
3832,51
3779,51
3719,51
3819,51
3692,51
3920,51
3717,51
3844,51
3898,51
3799,51
3925,51
3808,51
3606,51
3845,51
3869,51
3784,51
3603,51
3874,51
3710,51
3806,51
3686,51
3876,51
3916,51
3659,51
4038,51
3638,51
3749,51
3852,51
3652,51
3810,51
3762,51
3724,51
3823,51
3841,51
4095,50
3864,50
3921,50
3968,50
3871,50
3649,50
3870,50
3732,50
3736,50
4055,50
3944,50
3986,50
3607,50
3552,50
4147,50
3687,50
4007,50
3734,50
4014,50
3919,50
3682,50
3835,50
3914,50
3768,50
3859,50
3945,50
3929,50
3886,50
3786,50
3943,50
3938,50
3875,50
3610,50
3722,50
3853,50
3843,50
3665,50
3644,50
3885,49
3967,49
3924,49
3948,49
3688,49
3629,49
3884,49
3826,49
3626,49
3771,49
3755,49
3949,49
3751,49
3572,49
3930,49
3991,49
3988,49
3850,49
3783,49
3714,49
4028,49
3873,49
3809,49
3917,49
4012,49
3959,49
3932,49
3851,49
4016,49
4052,49
3954,49
3903,49
3912,49
3634,49
3923,48
3974,48
3997,48
3628,48
4034,48
3770,48
3816,48
3888,48
3908,48
3956,48
3727,48
3778,48
3935,48
3955,48
3992,48
3825,48
3913,48
3970,48
3862,48
4023,48
4060,48
3803,48
3911,48
4049,48
4126,48
3895,48
4198,48
3910,48
3817,48
3787,48
3831,48
4051,48
4019,48
3939,48
4006,48
4025,48
3927,48
3739,47
3883,47
3979,47
3814,47
3847,47
3928,47
3811,47
4080,47
3818,47
3983,47
3631,47
3972,47
3907,47
3947,47
4070,47
4022,47
3981,47
3904,47
3836,47
4170,47
4009,47
4002,47
3866,47
3989,47
3830,47
3933,47
3962,47
3890,47
3909,47
4041,47
4096,47
3759,47
4090,47
3937,47
3969,47
4142,47
4140,47
3915,47
3980,47
4113,47
3840,46
4235,46
3999,46
4036,46
4046,46
3880,46
3894,46
4011,46
3815,46
3971,46
4118,46
4064,46
3987,46
4127,46
4139,46
3926,46
4010,46
4027,46
3934,46
4065,46
4123,46
3998,46
3994,46
3941,46
3952,46
4098,46
4079,46
3887,46
3680,46
3985,46
3982,46
4125,46
3966,46
3776,46
3881,46
4058,45
3767,45
3960,45
3882,45
4212,45
4069,45
4048,45
3867,45
3889,45
4045,45
3619,45
4101,45
4148,45
4026,45
4037,45
3940,45
4119,45
4003,45
4133,45
4053,45
4017,45
3958,45
3990,45
3877,45
4004,45
3942,45
4100,45
3788,45
4042,45
4075,45
4173,45
4112,45
4271,45
3957,45
3976,45
3951,45
4087,45
4061,45
4122,44
4124,44
4039,44
4078,44
3801,44
4043,44
3822,44
3842,44
4249,44
4093,44
4067,44
4150,44
4077,44
3839,44
4224,44
4050,44
4222,44
4304,44
4001,44
4116,44
4099,44
4083,44
3963,44
4149,44
4207,44
4024,44
4193,44
4104,44
4114,44
4018,44
3950,44
4071,44
4146,44
4015,44
4185,44
4103,44
3906,44
3849,44
4167,44
3978,44
4356,44
4186,44
3964,44
4102,44
4243,44
4072,44
3868,44
4107,44
4091,44
4073,44
4094,44
4175,44
4218,43
3891,43
4029,43
4030,43
4081,43
4217,43
4005,43
4097,43
3965,43
3975,43
4040,43
4195,43
4283,43
4238,43
3863,43
4197,43
4204,43
4108,43
4343,43
4092,43
4214,43
4063,43
4074,43
4131,43
4337,43
3936,43
4082,43
4111,43
4008,43
4151,43
4276,43
4117,43
4033,43
4232,43
3892,43
3899,43
4215,43
4206,43
4157,43
4348,43
4181,43
4047,43
4192,43
4128,43
4054,43
4130,43
4237,43
4121,43
3807,43
4262,42
4086,42
4154,42
4290,42
3879,42
3931,42
4225,42
4309,42
4226,42
4176,42
3993,42
4398,42
4331,42
4020,42
4084,42
4179,42
4171,42
4452,42
4247,42
4315,42
4156,42
4172,42
4109,42
4422,42
4228,42
4257,42
4359,42
4255,42
4487,42
4268,42
4369,42
4032,42
4291,42
4191,42
4134,42
4062,42
4345,42
4089,42
4085,42
4314,42
4188,42
4152,41
4289,41
4194,41
4284,41
4155,41
4310,41
4267,41
4168,41
3977,41
4162,41
4163,41
4264,41
4436,41
4182,41
4066,41
4129,41
4534,41
4447,41
4318,41
4429,41
4443,41
4000,41
4178,41
4240,41
4292,41
4387,41
4209,41
4432,41
4380,41
4503,41
4208,41
4120,41
4347,41
3996,41
4404,41
4260,41
4044,41
4457,41
4333,41
4372,41
4076,41
4266,41
4205,41
4199,41
4138,40
4158,40
4332,40
4299,40
4110,40
4280,40
4389,40
4177,40
4230,40
4145,40
4227,40
4295,40
4435,40
4305,40
4223,40
4468,40
4285,40
4216,40
4105,40
4411,40
4306,40
4201,40
4166,40
3812,40
4296,40
4322,40
4143,40
4239,40
4263,40
4135,40
4211,40
4311,40
4448,40
4278,40
4342,40
4394,40
4316,40
3995,40
4499,40
4220,40
4115,40
4317,40
4132,40
3953,40
4187,40
4298,40
4259,40
4438,40
4287,40
4510,39
4459,39
4384,39
4420,39
4396,39
4144,39
4431,39
4362,39
4592,39
4221,39
4210,39
4537,39
4328,39
4184,39
4454,39
4261,39
4365,39
4236,39
4386,39
4492,39
4297,39
4326,39
4474,39
4245,39
4174,39
4137,39
4430,39
4281,39
4467,39
4383,39
4502,39
4344,39
4377,39
4382,39
4366,39
4353,39
4200,39
4301,39
4231,39
4400,39
4368,39
4498,39
4242,39
4625,39
4180,39
4056,39
4202,39
4428,39
4068,39
4312,39
4057,39
4189,39
4402,39
4307,39
4196,39
4335,39
4265,38
4490,38
4300,38
4514,38
4480,38
4558,38
4381,38
4397,38
4479,38
4393,38
4354,38
4373,38
4451,38
4258,38
4675,38
4340,38
4378,38
4324,38
4522,38
4585,38
4494,38
4251,38
4446,38
4329,38
4136,38
4161,38
4395,38
4190,38
4244,38
4561,38
4505,38
4253,38
4059,38
4507,38
4586,38
4512,38
4472,38
4106,38
4165,38
4252,38
4571,38
4427,38
4355,38
4341,38
4391,38
4570,38
4545,37
4526,37
4517,37
4302,37
4233,37
4497,37
4483,37
4568,37
4528,37
4461,37
4294,37
4415,37
4533,37
4323,37
4426,37
4241,37
4286,37
4475,37
4256,37
4088,37
4523,37
4440,37
4547,37
4509,37
4469,37
4645,37
4629,37
4423,37
4403,37
4160,37
4270,37
4416,37
4486,37
4293,37
4352,37
4363,37
4308,37
4579,37
4319,37
4612,37
4445,37
4613,37
4357,37
4654,37
4437,37
4350,37
4339,37
4578,37
4518,37
4458,37
4229,37
4358,37
4370,37
4714,37
4506,37
4424,37
4633,37
4279,37
4556,37
4519,36
4591,36
4433,36
4883,36
4234,36
4667,36
4701,36
4303,36
4493,36
4460,36
4628,36
4716,36
4421,36
4390,36
4169,36
4336,36
4248,36
4544,36
4489,36
4364,36
4731,36
4535,36
4288,36
4159,36
4275,36
4560,36
4624,36
4615,36
4153,36
4455,36
4593,36
4414,36
4254,36
4374,36
4608,36
4405,36
4273,36
4524,36
4401,36
4581,36
4515,36
4520,36
4583,36
4410,36
4346,36
4250,36
4632,36
4360,36
4371,36
4282,36
4330,36
4183,36
4481,36
4463,36
4567,36
4504,36
4565,35
4466,35
4491,35
4656,35
4554,35
4594,35
4712,35
4334,35
4246,35
4473,35
4320,35
4683,35
4729,35
4500,35
4164,35
4442,35
4682,35
4536,35
4698,35
4417,35
4713,35
4723,35
4392,35
4462,35
4385,35
4708,35
4603,35
4868,35
4388,35
4434,35
4465,35
4213,35
4687,35
4540,35
4476,35
4325,35
4635,35
4527,35
4219,35
4649,35
4655,35
4501,35
4672,35
4453,35
4709,35
4495,35
4551,35
4658,35
4647,35
4269,35
4774,35
4756,35
4351,35
4418,35
4511,34
4569,34
4482,34
4313,34
4550,34
4680,34
4349,34
4471,34
4274,34
4449,34
4376,34
4441,34
4203,34
4819,34
4375,34
4617,34
4866,34
4588,34
4361,34
4327,34
4734,34
4367,34
4623,34
4521,34
4765,34
4775,34
4611,34
4796,34
4755,34
4419,34
4913,34
4450,34
4768,34
4748,34
4619,34
4538,34
4780,34
4947,34
4552,34
4852,34
4601,34
4553,34
4338,34
4574,34
4607,34
4477,34
4444,34
4379,34
4912,34
4671,34
4562,34
4703,34
4407,34
4758,34
4508,34
4740,34
4657,34
4557,34
4620,34
4744,34
4549,34
4587,34
4634,34
4670,34
4763,34
4761,34
4456,34
4673,34
4652,34
4814,33
4616,33
4887,33
4141,33
4699,33
4546,33
4627,33
4630,33
4637,33
4812,33
4661,33
4689,33
4650,33
4564,33
4926,33
4892,33
4412,33
4760,33
4749,33
4704,33
4576,33
4907,33
4753,33
4692,33
4668,33
4715,33
4631,33
4904,33
4727,33
4539,33
4948,33
4425,33
4801,33
4541,33
4691,33
4757,33
4741,33
4602,33
4484,33
4513,33
4706,33
4035,33
4956,33
4782,33
4606,33
4954,33
4618,33
4674,33
4695,33
4641,33
4555,33
4399,33
4277,33
4718,33
4548,33
4272,33
4496,33
4621,33
4817,33
4823,33
4728,33
4848,33
4821,32
4851,32
4776,32
4816,32
4971,32
4724,32
4777,32
4622,32
4605,32
4409,32
4644,32
4876,32
4929,32
4754,32
4711,32
4818,32
4321,32
4785,32
4895,32
4906,32
4626,32
4739,32
4485,32
4872,32
4542,32
4891,32
4810,32
4659,32
4880,32
4789,32
4639,32
4609,32
4750,32
4797,32
4722,32
4863,32
4684,32
4610,32
4770,32
4525,32
4470,32
4806,32
4638,32
4766,32
4584,32
4582,32
4767,32
4719,32
4995,32
4939,32
4598,32
4642,32
4532,32
4846,32
4705,32
4882,32
4736,32
4694,32
4874,32
4786,32
4665,32
4589,32
4773,32
4827,32
4580,31
4764,31
5040,31
4828,31
4917,31
4693,31
4745,31
4961,31
4640,31
4822,31
4793,31
5032,31
4697,31
4762,31
4799,31
4413,31
4531,31
4563,31
4720,31
4573,31
4952,31
4820,31
4837,31
4986,31
4831,31
4807,31
4932,31
4643,31
4815,31
4759,31
4746,31
4737,31
4832,31
4922,31
5034,31
4676,31
4873,31
4783,31
4787,31
4735,31
4730,31
4824,31
4914,31
4988,31
4651,31
4885,31
4530,31
4559,31
4950,31
4662,31
4677,31
4478,31
4809,31
4664,31
4663,31
4726,31
4685,31
4928,31
4702,31
4604,31
4875,31
4566,31
4597,31
4794,31
4666,31
4596,31
4925,31
4792,31
4732,31
4710,31
4752,31
5030,31
4743,31
4779,30
4696,30
4856,30
5049,30
4614,30
5012,30
4516,30
5050,30
4916,30
4833,30
4881,30
4842,30
5090,30
4778,30
4488,30
4653,30
4717,30
4439,30
5054,30
4871,30
4829,30
4769,30
4931,30
4408,30
4953,30
4825,30
4595,30
4738,30
4771,30
4845,30
4836,30
4648,30
4847,30
5002,30
4688,30
4406,30
4690,30
4930,30
4751,30
4857,30
4575,30
4772,30
4830,30
4894,30
5010,30
4826,30
4678,30
5072,30
4981,30
5061,30
4888,30
4962,30
4840,29
4660,29
4850,29
4973,29
5027,29
4945,29
4974,29
5168,29
4686,29
4987,29
4862,29
4909,29
4800,29
4733,29
5071,29
4918,29
4919,29
4980,29
5204,29
4808,29
5003,29
4600,29
5205,29
4811,29
5119,29
4937,29
5000,29
4879,29
4679,29
5011,29
5017,29
4990,29
5133,29
4747,29
4944,29
4940,29
4577,29
4905,29
4784,29
5103,29
5051,29
4839,29
4957,29
5163,29
4859,29
4543,29
4941,29
5004,29
5123,29
4721,29
5117,29
5033,29
4636,29
4975,29
4802,29
5268,29
4464,29
5220,29
4900,29
4813,29
4681,29
5065,29
4790,28
4572,28
5128,28
5173,28
5109,28
5211,28
4791,28
4804,28
4942,28
4955,28
4976,28
4853,28
4860,28
4835,28
5028,28
5263,28
4855,28
5044,28
5274,28
5036,28
5058,28
4795,28
5064,28
5031,28
4742,28
5038,28
4999,28
4964,28
5016,28
5172,28
4805,28
4529,28
4865,28
5082,28
5068,28
5035,28
5039,28
5076,28
4979,28
4989,28
5118,28
4927,28
4798,28
5244,28
4960,28
5079,28
5131,28
5019,28
5018,28
4897,28
4700,28
5217,28
5025,28
4966,28
5240,28
4843,28
4669,28
4901,28
4959,28
4861,28
4951,28
5015,28
4969,28
4867,28
4903,28
4858,28
5075,28
4965,28
5005,28
4908,28
5089,28
5080,27
4993,27
5041,27
4878,27
4938,27
5170,27
4970,27
4707,27
4972,27
5270,27
5078,27
4886,27
5070,27
4943,27
4923,27
5148,27
5195,27
4590,27
5206,27
5249,27
5138,27
5165,27
5271,27
5130,27
5111,27
5151,27
4934,27
5107,27
4967,27
5134,27
5143,27
5149,27
5087,27
4963,27
4870,27
4982,27
5152,27
4884,27
5297,27
4977,27
4902,27
5303,27
4898,27
5122,27
4889,27
5180,27
5159,27
5047,27
4834,27
5024,27
4949,27
4844,27
5063,27
4910,27
5174,27
5155,27
4935,27
5101,27
5183,27
4933,27
5021,27
5023,27
4996,27
5094,27
4803,27
5313,27
5084,27
5175,26
5302,26
5092,26
5401,26
5066,26
5160,26
5254,26
5239,26
5009,26
5311,26
5200,26
5013,26
5052,26
5416,26
5295,26
5145,26
5048,26
5091,26
5108,26
4877,26
4998,26
5328,26
5126,26
5141,26
5293,26
5007,26
5332,26
4915,26
5096,26
5280,26
5188,26
5157,26
5197,26
4725,26
4781,26
5022,26
4920,26
5207,26
5464,26
5053,26
5164,26
4788,26
4946,26
5219,26
5348,26
5161,26
5095,26
5100,26
5251,26
5006,26
5074,26
4849,26
5136,26
5284,26
5001,26
4997,26
5301,26
5226,26
5060,26
5189,26
4646,26
5055,26
5069,26
5057,26
5106,26
4841,26
4924,26
5336,26
5227,26
5102,25
5283,25
5292,25
5208,25
5086,25
5235,25
5223,25
5110,25
5388,25
5314,25
5353,25
5191,25
5395,25
5137,25
5073,25
5281,25
5020,25
5097,25
5233,25
5198,25
4985,25
5310,25
5192,25
5362,25
4864,25
5392,25
5551,25
5262,25
5250,25
5339,25
5171,25
4854,25
5528,25
4983,25
5135,25
5209,25
5374,25
5289,25
5045,25
5513,25
5067,25
5077,25
5346,25
5257,25
5246,25
5026,25
5237,25
5182,25
4896,25
5203,25
4936,25
5277,25
5140,25
5146,25
5186,25
5447,25
5451,25
5042,25
5112,25
5178,25
5166,25
5322,25
4838,25
4890,25
5179,25
5261,25
5327,25
4893,25
5317,25
5213,25
5288,25
5583,24
5326,24
5315,24
5231,24
5294,24
5014,24
5290,24
5185,24
5483,24
5367,24
5325,24
5298,24
5129,24
5238,24
5484,24
5037,24
5215,24
5424,24
5276,24
5144,24
5176,24
5307,24
5497,24
5221,24
5228,24
5099,24
5411,24
5402,24
5308,24
5375,24
5352,24
5354,24
5187,24
5210,24
5258,24
5363,24
5312,24
5505,24
5121,24
5393,24
5177,24
5267,24
4899,24
5387,24
5361,24
5224,24
4978,24
5115,24
5194,24
5062,24
5349,24
5114,24
5162,24
5350,24
5550,24
5398,24
4991,24
4958,24
5169,24
5199,24
5056,24
5428,24
5400,24
5154,24
5418,24
5098,24
5147,24
4994,24
5104,24
5193,24
5196,24
5431,24
5390,24
5245,24
5299,24
5190,24
5460,24
5338,24
5438,24
5427,24
5142,24
4599,24
5153,24
4911,24
5417,24
5124,24
5282,24
5232,24
5093,24
5230,24
5229,24
5504,24
5279,24
5625,23
5533,23
5470,23
5552,23
5255,23
5658,23
5382,23
5081,23
5008,23
4921,23
5436,23
5242,23
5116,23
5059,23
5340,23
5305,23
5247,23
5555,23
5357,23
5471,23
5457,23
5272,23
5611,23
5511,23
5472,23
5377,23
5132,23
5320,23
5454,23
5029,23
5469,23
5113,23
5127,23
5335,23
5201,23
5544,23
5355,23
5181,23
5359,23
5158,23
5342,23
5248,23
5519,23
5482,23
5385,23
5259,23
5331,23
5441,23
5468,23
5167,23
5218,23
5358,23
5085,23
5356,23
5403,23
5458,23
5324,23
5379,23
5344,23
5202,23
5309,23
5256,23
5323,23
5490,23
5214,23
5397,23
5479,23
5264,23
5422,23
5494,23
5489,23
5360,23
5503,23
5266,23
5150,23
5046,23
5225,23
5105,23
4984,23
4992,23
5407,22
5088,22
5278,22
5525,22
5693,22
5329,22
5681,22
5236,22
5478,22
5521,22
5536,22
5635,22
5735,22
5316,22
5500,22
5636,22
5319,22
5463,22
5516,22
5243,22
5574,22
5748,22
5391,22
5442,22
5571,22
5561,22
5499,22
5333,22
5629,22
5452,22
5043,22
5586,22
5368,22
5415,22
5381,22
5120,22
5527,22
5541,22
5334,22
5510,22
5462,22
5216,22
5456,22
5687,22
5389,22
5522,22
5579,22
5598,22
5343,22
5330,22
5450,22
5577,22
5365,22
5386,22
5125,22
5774,22
5234,22
5212,22
5652,22
5526,22
5473,22
5437,22
5515,22
5419,22
4869,22
5370,22
5260,22
5628,22
5345,22
5369,22
5678,21
5870,21
5487,21
5156,21
5846,21
5683,21
5445,21
5291,21
5557,21
5444,21
5665,21
5414,21
5751,21
5486,21
5607,21
5769,21
5488,21
5746,21
5507,21
5287,21
5584,21
5757,21
5508,21
5729,21
5619,21
5446,21
5253,21
5425,21
5904,21
5408,21
5580,21
5538,21
5467,21
5273,21
5306,21
5548,21
5341,21
5269,21
5554,21
5413,21
5531,21
5252,21
5582,21
5265,21
5702,21
5576,21
5639,21
5721,21
5455,21
5697,21
5496,21
5364,21
5524,21
5615,21
5593,21
5430,21
5606,21
5300,21
5714,21
5410,21
5601,21
5604,21
5664,21
5535,21
5659,21
5474,21
5589,21
5380,21
5371,21
5672,21
5549,21
5627,21
5477,21
5376,21
5708,21
5366,21
5420,21
5669,21
5506,21
5426,21
5643,20
5884,20
5439,20
5704,20
5621,20
5641,20
5567,20
5493,20
5624,20
5767,20
5406,20
5657,20
5423,20
5719,20
5590,20
5850,20
5587,20
5808,20
5566,20
5512,20
5599,20
5412,20
5848,20
5710,20
5816,20
5523,20
5600,20
5795,20
5545,20
5743,20
5540,20
5409,20
5647,20
5384,20
5674,20
5932,20
5448,20
5700,20
5722,20
5698,20
5558,20
5660,20
5492,20
5405,20
5184,20
5572,20
5919,20
5304,20
5434,20
5689,20
5618,20
5766,20
5581,20
5679,20
5770,20
5241,20
5718,20
5656,20
5083,20
5563,20
5569,20
5432,20
5801,20
5296,20
5585,20
5798,20
5570,20
5768,20
5530,20
5597,20
5222,20
5822,20
5383,20
5139,20
5632,20
5404,20
5466,20
5373,20
5396,20
5560,20
5879,20
5465,20
5461,20
5399,20
5529,20
5459,20
5321,20
5556,20
5542,20
5761,20
5750,20
5759,20
5616,20
5509,20
5595,20
5485,20
5543,19
5999,19
5688,19
5736,19
5347,19
5670,19
5617,19
6019,19
5318,19
5825,19
5562,19
5610,19
5778,19
5630,19
5799,19
5826,19
5947,19
5711,19
5694,19
5918,19
5753,19
5421,19
5909,19
5877,19
5449,19
5738,19
5791,19
5476,19
5821,19
5546,19
5514,19
5645,19
5651,19
5793,19
4968,19
5481,19
5760,19
5534,19
5923,19
5480,19
5671,19
5680,19
5744,19
5857,19
5855,19
5539,19
5655,19
5894,19
6035,19
5810,19
5695,19
5727,19
5972,19
5776,19
5644,19
5626,19
5475,19
5853,19
5910,19
5731,19
5453,19
5378,19
5726,19
5740,19
5640,19
5675,19
5603,19
5537,19
5758,19
5440,19
5565,19
5765,19
5661,19
5631,19
5839,19
5502,19
5682,19
5443,19
5394,19
5787,19
5684,19
5741,19
5800,19
5707,19
5804,19
5553,19
5706,19
5782,19
5813,19
5609,19
5827,19
5663,19
5814,19
5518,19
5771,18
5854,18
5835,18
5906,18
5623,18
5742,18
5797,18
6006,18
5784,18
5637,18
5638,18
5888,18
5620,18
5435,18
5902,18
5866,18
5820,18
5573,18
5602,18
5996,18
5653,18
5979,18
5701,18
5815,18
5916,18
5532,18
5650,18
5883,18
5578,18
5794,18
5954,18
5896,18
5662,18
5642,18
5983,18
5520,18
5709,18
5968,18
5859,18
5962,18
5690,18
5975,18
5668,18
5908,18
5914,18
5745,18
5733,18
6015,18
5786,18
5286,18
5491,18
5716,18
5777,18
5720,18
5564,18
5878,18
5696,18
6031,18
5666,18
5817,18
5596,18
5836,18
5944,18
5831,18
6011,18
5934,18
5818,18
5498,18
6023,18
5802,18
5594,18
5646,18
5737,18
6022,18
5840,18
5715,18
5969,18
5796,18
6000,18
5898,18
5517,18
5724,18
5834,18
5754,18
5775,18
5886,18
5779,18
5928,18
5867,18
5591,18
5863,18
5433,18
5692,18
5869,17
5842,17
5844,17
5988,17
5730,17
5911,17
5749,17
5613,17
5880,17
6010,17
5987,17
5608,17
5943,17
5900,17
5933,17
5547,17
5654,17
5891,17
5285,17
5876,17
5705,17
6002,17
5763,17
5858,17
5337,17
5921,17
5764,17
5605,17
5592,17
5732,17
5649,17
5723,17
6036,17
6013,17
5275,17
5849,17
5756,17
5847,17
5913,17
5773,17
5588,17
5912,17
5852,17
5927,17
5788,17
5940,17
5429,17
5633,17
6008,17
5634,17
5803,17
5648,17
5973,17
5762,17
5772,17
5781,17
5882,17
5686,17
5752,17
5907,17
5875,17
5807,17
5939,17
5974,17
5864,17
5838,17
5843,17
5677,17
5806,17
5725,17
5956,17
5994,17
5924,17
5792,17
5865,17
6027,17
5963,17
5372,17
5887,17
5685,16
5622,16
5925,16
5899,16
5950,16
5845,16
6038,16
5790,16
5989,16
5903,16
5717,16
5965,16
5783,16
5937,16
5949,16
5614,16
5837,16
5992,16
5936,16
5920,16
5967,16
6032,16
5995,16
5976,16
5351,16
5893,16
5980,16
5501,16
6009,16
5699,16
5828,16
5897,16
5951,16
5958,16
5957,16
5890,16
5495,16
5785,16
5673,16
5874,16
5935,16
5942,16
5997,16
5871,16
5873,16
6018,16
5809,16
5824,16
5993,16
5832,16
5961,16
5575,16
5559,16
5991,16
5856,16
5780,16
5881,16
5917,16
5841,16
5851,16
5978,15
5676,15
6017,15
5889,15
5568,15
5823,15
6014,15
5930,15
6030,15
6020,15
5982,15
5712,15
5977,15
6025,15
6021,15
5892,15
6028,15
5667,15
5966,15
5905,15
5612,15
5812,15
5986,15
5946,15
5985,15
5938,15
5970,15
5747,15
5830,15
6012,15
5703,15
5926,15
5964,15
5941,15
6034,15
5948,15
5915,15
6029,15
5713,15
5990,15
5734,15
6033,15
5885,15
5922,15
5984,15
5860,15
5929,15
5691,15
5833,15
5971,15
5945,15
5953,15
5952,15
6016,15
6004,15
6005,15
5739,15
6003,15
5862,15
5805,14
5819,14
6007,14
6001,14
5728,14
5959,14
5960,14
6024,14
5901,14
5981,14
5872,14
5861,14
5955,14
5789,14
5811,14
5829,14
5895,14
6037,14
5868,13
6026,13
5931,13
5998,13
6039,12
5755,11
